000000009;CC Pays Mer Estérel;CC
000000010;CC Artuby Verdon;CC
200000164;CC du Pays de Pange;CC
200000172;CC Faucigny-Glières;CC
200000321;CA des deux Rives de la Seine;CA
200000339;CC des Coteaux de seine;CC
200000354;CC de la Louge et du Touch;CC
200000388;CC du Sud Morvan;CC
200000420;CC de la Voge vers les Rives de la Moselle;CC
200000438;CC du Pays de Pontchâteau - Saint-Gildas des bois;CC
200000446;CC du Brannais (C.C.B);CC
200000487;CC du Plateau de Lommoye;CC
200000537;CC de la Presqu'île de Rhuys;CC
200000545;CC des Portes de Romilly Sur Seine;CC
200000594;CC Entre Loire et Allier;CC
200000610;CC La Minervois;CC
200000628;CC Rhône-Lez-Provence;CC
200000636;CC Cévenne et Montagne Ardéchoises;CC
200000644;CC Les Grands Sites des Gorges de l'Ardèche;CC
200000719;CC Hers et Garonne;CC
200000735;CC de la Viadène;CC
200000743;CC du Nebbiu;CC
200000776;CA Argenteuil - Bezons;CA
200000800;CC Coeur-de-Sologne;CC
200000842;CC du Pays de Montmélian;CC
200000925;CC de la Plaine Dijonnaise;CC
200000933;CC Sauldre et Sologne;CC
200000966;CC des Boutières;CC
200000974;CC des Sources de la Loire;CC
200000982;CC Sources de l'Ardèche;CC
200000990;CC du Sud Pays Basque;CC
200001006;CC du Pays d'Eguzon-Val de Creuse;CC
200001071;CC de l'Asse et de ses Affluents (C.C.2.A.);CC
200001105;CC du Canton de Salies-du-Salat;CC
200001170;CC Aubrac-Lot-Causse;CC
200001519;CA de Blois « Agglopolys »;CA
200004653;CC du Quercitain;CC
200004802;CC du Pays de Fayence;CC
200005130;CC du Pays de Trie;CC
200005577;CC du Controis;CC
200005932;CC du Canton de La Ferté-Saint-Aubin;CC
200005957;CC de la Région de Rambervillers;CC
200006047;CC du Sud Dijonnais;CC
200006070;CC Villeneuvois, Diège et Lot;CC
200006237;CC des Mynes et Hautes Vosges du Sud;CC
200006245;CC des Ballons des Hautes Vosges et de la Source de la Moselle;CC
200006286;CC Val d'Eure et Vesgre;CC
200006385;CA de l'Aéroport du Bourget;CA
200006393;CC du Val de Vôge;CC
200006427;CC Sère - Garonne - Gimone (S2G);CC
200006435;CC des Terrasses et Plaines des Deux Cantons;CC
200006682;CA Beaune, Côte et Sud - Communauté Beaune-Chagny-Nolay;CA
200006716;CC du Nogentais;CC
200006757;CC Vésubie-Mercantour;CC
200006765;CC des Terres d'Apcher;CC
200006781;CC entre Deux Lacs;CC
200006872;CC Ain-Angillon - Malvaux;CC
200006880;CC Moine et Sèvre;CC
200006922;CA Europ'Essonne;CA
200006930;CC du Haut Allier;CC
200006963;CC Isle Manoire en Périgord;CC
200006971;CC du Perche;CC
200007003;CC du Pays de Longuyon;CC
200007045;CC des Albères et de la Côte Vermeille;CC
200007052;CC de la Marche Berrichonne;CC
200007128;CC Errobi;CC
200007177;CC du Pays de Nérondes;CC
200007425;CC du Canton de Tournay;CC
200007433;CC du Canton de Saint Laurent de Neste;CC
200009611;CC des Portes du Comminges;CC
200010650;CA du Grand Dôle;CA
200010700;CC Caux Vallée de Seine;CC
200011286;CC de l'Aubrac Lozérien;CC
200011625;CC du Pays Boulageois;CC
200011773;CA Annemasse - Les Voirons - Agglomération;CA
200011781;CC des Portes du Berry, entre Loire et Val d'Aubois;CC
200011799;CC de la Vallée de la Barousse;CC
200011997;CC Authie - Maye;CC
200012003;CC des 2 Sources;CC
200012037;CC de l'Isle Crémieu;CC
200012060;CC Petite Montagne;CC
200012136;CC Seuil Charente Périgord;CC
200012144;CC du Nord Charolais;CC
200012227;CC de la Porte du Vignoble;CC
200013050;CC Sauer - Pechelbronn;CC
200015162;CC de l'Oriente;CC
200016905;CC du Pays de Lamastre;CC
200017267;CC du Canton de Poissons;CC
200017275;CC du Conflent;CC
200017341;CC Lodevois et Larzac;CC
200017408;CC du Canton de Villefranche-de-Laurageais;CC
200017762;CC de la Motte-du-Caire-Turriers;CC
200017770;CC du Pays de la Gacilly;CC
200017788;CC du Grès Rose;CC
200017846;CC de L'Etampois Sud Essonne;CC
200017853;CC Boischaut-Marche;CC
200017861;CC des Mélusines;CC
200017879;CC Terres de Coeur;CC
200017978;CC de la Marche Occitane;CC
200017994;CC Morvan-Vauban;CC
200018059;CA Mont-Valérien;CA
200018067;CC du Madiranais;CC
200018083;CC Desvres-Samer;CC
200018109;CC des Terres de Siagne;CC
200018141;CC d'Aire sur l'Adour;CC
200018158;CC des Sources de la Tille;CC
200018166;CC du Pays du Grésivaudan;CC
200018190;CC du Pays d'Entrevaux;CC
200018299;CC du Vezelien;CC
200018315;CC Apcher-Margeride-Aubrac;CC
200018323;CC du Canton de Beaugency;CC
200018356;CC du Canton de Mercoeur;CC
200018364;CC du Canton de Saint-Privat;CC
200018406;CC du Romorantinais et du Monestois;CC
200018497;CC Aure 2008;CC
200018521;CC du Val de Bouzanne;CC
200018653;CA CAP Excellence;CA
200019008;CC du Pays de Clerval;CC
200022515;CC Haut Berry Val de Loire;CC
200022523;CA Brie Francilienne;CA
200022762;CA Valence Agglo - Sud Rhône-Alpes;CA
200022812;CC Gâtine Autize;CC
200022846;CC du Barséquanais;CC
200022911;CC les Quatre Collines;CC
200022978;CC Cèze Cévennes;CC
200022986;CC du Grand Pic Saint Loup;CC
200022994;CC de Château Renard;CC
200023026;CC du Pays de Bitche;CC
200023075;CC du Pays de Maîche;CC
200023125;CC Portes Briardes entre Villes et Forêts;CC
200023216;CC Aubrac-Laguiole;CC
200023240;CC Pays de Nemours;CC
200023257;CC Sologne Bourbonnais-Nivernais;CC
200023273;CC du Nord de l'Aube;CC
200023281;CA de la Région Mulhouse Alsace;CA
200023299;CC Coeur de Tarentaise;CC
200023307;CC du Grand Villeneuvois;CC
200023323;CC des Vallées du Cristal;CC
200023331;CC Pontgibaud Sioule et Volcans;CC
200023356;CA Grand Paris Seine Ouest;CA
200023372;CC de la Vallée de Chamonix-Mont-Blanc;CC
200023406;CC du Canton de Bourbon-Lancy;CC
200023414;CA Rouen-Elbeuf-Austreberthe (CREA);CA
200023430;CA Est Ensemble;CA
200023448;CA Plaine de France;CA
200023489;CC Entre Allier et Bois Noirs;CC
200023539;CC du Caudrésis et du Catésis;CC
200023547;CC du Pays de Luchon;CC
200023554;CC du Boulonnais;CC
200023562;CC le Coeur du Pithiverais;CC
200023620;CC de la Gascogne Toulousaine;CC
200023695;CC Coeur Sud Oise;CC
200023703;CC des Trois Forêts;CC
200023737;CC du Grand Cahors;CC
200023778;CC du Pays de Saint Gilles Croix de Vie;CC
200023794;CC du Canton de Blaye;CC
200023877;CC du Pays de Vernoux;CC
200023919;CC Gâtinais Val de Loing;CC
240100156;CC de Montrevel en Bresse;CC
240100172;CC d'Oyonnax;CC
240100339;CC du Canton de Saint Trivier de Courtes;CC
240100347;CC Terre d'Eaux;CC
240100354;CC de Belley Bas Bugey;CC
240100370;CC du Valromey;CC
240100396;CC de la Vallée de l'Albarine;CC
240100412;CC Rhône - Chartreuse de Portes;CC
240100438;CC du Colombier;CC
240100578;CC du Plateau d'Hauteville;CC
240100594;CC Val de Saône Chalaronne;CC
240100602;CC Saône Vallée;CC
240100610;CC du Canton de Montluel;CC
240100628;CA de Bourg en Bresse;CA
240100636;CC de Treffort en Revermont;CC
240100644;CC Chalaronne centre;CC
240100651;CC du Canton de Coligny;CC
240100669;CC des Bords de Veyle;CC
240100677;CC du Canton de Chalamont;CC
240100685;CC de Pont de Vaux;CC
240100693;CC de la Vallière;CC
240100701;CC des Monts du Berthiand;CC
240100727;CC de Montmerle Trois Rivières;CC
240100735;CC Porte Ouest de la Dombes;CC
240100743;CC Bugey, Arène, Furans;CC
240100750;CC du Pays de Gex;CC
240100784;CC Bugey - Vallée de l'Ain;CC
240100800;CC de Miribel et du Plateau;CC
240100818;CC du Pays de Bâgé;CC
240100826;CC du Canton de Pont de Veyle;CC
240100834;CC Pont d'Ain - Priay - Varambon;CC
240100842;CC Bresse - Dombes - Sud Revermont;CC
240100867;CC de la Combe du Val;CC
240100875;CC Centre Dombes;CC
240100883;CC de la plaine de l'Ain;CC
240100891;CC du Pays Bellegardien;CC
240100909;CC Lac de Nantua;CC
240100941;CC Chanstrival;CC
240200261;CA de Saint Quentin;CA
240200279;CC de la Vallée de l'Oise;CC
240200402;CC du Val d'Origny;CC
240200410;CC du Laonnois;CC
240200428;CC des Villes d'Oyse;CC
240200436;CC du Pays de la Vallée de l'Aisne;CC
240200444;CC de la Thiérache du Centre;CC
240200451;CC de la Thiérache d'Aumale;CC
240200469;CC du Pays de la Serre;CC
240200477;CA du Soissonais;CA
240200485;CC de la Région de Guise;CC
240200493;CC du Pays du Vermandois;CC
240200501;CC du Val de l'Aisne;CC
240200519;CC du Canton d'Oulchy le Château et environs;CC
240200527;CC du Canton de Saint Simon;CC
240200550;CC du Canton de Condé en Brie;CC
240200568;CC de l'Ourcq et du Clignon;CC
240200576;CC de la Champagne Picarde;CC
240200584;CC du Canton de Charly sur Marne;CC
240200592;CC du Chemin des Dames;CC
240200600;CC du Pays des Trois Rivières;CC
240200618;CC de la Région de Château Thierry;CC
240200626;CC du Tardenois;CC
240200634;CC des Portes de la Thiérache;CC
240200642;CC du Val de l'Ailette;CC
240200659;CC des Vallons d'Anizy;CC
240200683;CC Chauny Tergnier;CC
240200691;CC Villers-Cotterêts - Forêt de Retz;CC
240300418;CC de la Montagne Bourbonnaise;CC
240300426;CA de Vichy Val d'Allier;CA
240300491;CC Pays de Lapalisse;CC
240300533;CC du Bassin de Gannat;CC
240300558;CC du Pays de Tronçais;CC
240300566;CC du Val de Cher;CC
240300582;CC de Commentry Néris les Bains;CC
240300590;CC de la Région de Montmarault;CC
240300608;CA Montluçonnaise;CA
240300616;CA de Moulins;CA
240300624;CC du Pays de Marcillat en Combraille;CC
240300640;CC Val de Bresbre Sologne Bourbonnaise;CC
240300657;CC du Pays d'Huriel;CC
240300673;CC le Donjon - Val Libre;CC
240300681;CC Sioule, Colettes et Bouble;CC
240300699;CC en Pays Saint Pourcinois;CC
240300707;CC Varennes Forterre;CC
240300715;CC Bocage Sud;CC
240300723;CC du Pays de Lévis en Bocage Bourbonnais;CC
240300731;CC en Bocage Bourbonnais;CC
240300756;CC du Pays de Chevagnes en Sologne Bourbonnaise;CC
240400010;CC de Teillon;CC
240400135;CC du Pays de Seyne;CC
240400275;CC Ubaye/Serre-Ponçon;CC
240400283;CC du Sisteronais;CC
240400291;CC de la Moyenne Durance;CC
240400366;CC de Haute Provence;CC
240400374;CC Vallée de l'Ubaye;CC
240400382;CC du Moyen Verdon;CC
240400390;CC du Val de Rancure;CC
240400408;CC de Duyes et Bléone;CC
240400432;CC Intercommunalité du Lubéron Oriental;CC
240400440;CC Pays Forcalquier et Montagne de Lure;CC
240400457;CC Luberon Durance Verdon;CC
240400465;CC des Trois Vallées;CC
240400473;CC Sud 04;CC
240400481;CC de la Vallée du Jabron;CC
240400499;CC du Pays de Banon;CC
240400507;CC de Haute Bléone;CC
240400515;CC du Haut Verdon - Val d'Allos;CC
240400523;CC Terres de Lumière;CC
240400531;CC Lure Vançon Durance;CC
240500181;CC du Haut Buëch;CC
240500199;CC des Deux Buëch;CC
240500215;CC du Champsaur;CC
240500223;CC du Queyras - l'Escarton du Queyras;CC
240500314;CC de Tallard Barcillonnette;CC
240500322;CC du Canton de Ribiers Val de Méouge;CC
240500330;CC du Haut Champsaur;CC
240500348;CC du Valgaudemar;CC
240500363;CC de l'Embrunais;CC
240500389;CC du Laragnais;CC
240500397;CC du Serrois;CC
240500405;CC du Dévoluy;CC
240500413;CC Interdépartementale des Baronnies;CC
240500421;CC du Pays de Serre Ponçon;CC
240500439;CC du Briançonnais;CC
240500447;CC de la Vallée de l'Oule;CC
240500454;CC Savinois - Serre Ponçon;CC
240500462;CC du Pays des Ecrins;CC
240500470;CC de l'Avance;CC
240500488;CC du Guillestrois;CC
240600460;CA du Moyen Pays Provençal - Pôle Azur Provence;CA
240600486;CC les Coteaux d'Azur;CC
240600494;CC de Cians Var;CC
240600502;CC de la Vallée de l'Estéron;CC
240600510;CC de la Tinée;CC
240600528;CC des Monts d'Azur;CC
240600536;CC des Stations du Mercantour;CC
240600551;CA de la Riviera Française;CA
240600569;CC des Vallées d'Azur;CC
240600577;CU Nice - Côte d'Azur;CU
240600585;CA de Sophia Antipolis;CA
240600593;CC du Pays des Paillons;CC
240700286;CC les Deux Chênes;CC
240700302;CC du Pays de Beaume Drobie;CC
240700310;CC du Pays de Vals;CC
240700328;CC Porte des Hautes Cévennes Ardéchoises;CC
240700336;CC du Pays de Jalès;CC
240700575;CC du Pays de Cruzières;CC
240700617;CC Val de Ligne;CC
240700625;CC des Grands Serres;CC
240700641;CC du Haut Vivarais;CC
240700666;CC du Bassin d'Annonay;CC
240700674;CC de Vinobre;CC
240700708;CC Rhône Helvie;CC
240700716;CC Val d'Ay;CC
240700724;CC du Pays de Crussol;CC
240700740;CC des Châtaigniers;CC
240700757;CC Vivarhone;CC
240700765;CC Cévennes Vivaroises;CC
240700773;CC d'Eyrieux aux Serres;CC
240700781;CC du Tournonais;CC
240700799;CC du Pays du Cheylard;CC
240700807;CC de la Roche de Gourdon;CC
240700815;CC de Berg et Coiron;CC
240700823;CC Le Pays des Vans;CC
240700831;CC Barrès - Coiron;CC
240700849;CC du Pays de Saint-Félicien;CC
240700856;CC Privas Rhône et Vallées;CC
240700864;CC du Rhône aux Gorges de L'Ardèche;CC
240700872;CC Rhône- Crussol;CC
240700880;CC des Gorges de l'Ardèche, Terre des Hommes, de la Pierre et de l'Eau;CC
240800821;CC Ardennes - Rives de Meuse;CC
240800839;CC de la Région de Signy le Petit;CC
240800847;CC des Trois Cantons;CC
240800854;CC des Balcons de la Meuse;CC
240800862;CC des Crêtes Préardennaises;CC
240800870;CC du Pays des Sources au Val de Bar;CC
240800904;CC des plaines du Porcien;CC
240800920;CC de l'Argonne Ardennaise;CC
240800946;CC Meuse et Semoy;CC
240800953;CC du Pays Sedanais;CC
240800961;CC de l'Asfeldois;CC
240800979;CC de la Thiérache Ardennaise;CC
240800987;CC Val et Plateau d'Ardenne;CC
240800995;CC du Junivillois;CC
240801001;CA de Charleville-Mézières Coeur d'Ardenne;CA
240801019;CC des Plaines et Forêts de l'Ouest Ardennais;CC
240900266;CC des Vallées d'Ax;CC
240900316;CC d'Auzat et du Vicdessos;CC
240900324;CC de l'agglomération de Saint Girons;CC
240900332;CC du Canton de Varilhes;CC
240900357;CC du Canton d'Oust;CC
240900373;CC du Canton de Massat;CC
240900381;CC du Pays de Foix;CC
240900407;CC du Pays de Pamiers;CC
240900415;CC du Canton de Saverdun;CC
240900423;CC Seronnais 117;CC
240900431;CC du Pays de Tarascon sur Ariège;CC
240900449;CC Moy Val de l'Hers;CC
240900456;CC du Pays de Mirepoix;CC
240900464;CC du Pays d'Olmes;CC
240900472;CC Castillonais;CC
240900480;CC du Bas Couserans;CC
240900498;CC Rurales Val Couserans;CC
240900506;CC du Volvestre Ariégeois;CC
240900522;CC de Lèze;CC
240900530;CC de l'Arize;CC
240900555;CC du Donezan;CC
241000116;CC du Chavangeois;CC
241000223;CC Forêts, Lacs, Terres en Champagne;CC
241000256;CC de la Région de Ramerupt;CC
241000264;CC de la Région des Riceys;CC
241000363;CC de la Région d'Arcis sur Aube;CC
241000371;CC de Plancy-l'Abbaye;CC
241000389;CC de Soulaines Dhuys;CC
241000397;CA Troyenne - CAT;CA
241000405;CC de la Région de Bar sur Aube;CC
241000413;CC Seine, Melda, Coteaux;CC
241000421;CC du Briennois;CC
241000439;CC des Portes du Pays d'Othe;CC
241000447;CC du Pays d'Othe Aixois;CC
241000454;CC du Val d'Armance;CC
241000462;CC du Chaourcois;CC
241000470;CC de l'Arce et de l'Ource;CC
241000488;CC de l'Orvin et de l'Ardusson;CC
241000496;CC des Rivières;CC
241100304;CC du Massif de Mouthoumet;CC
241100312;CC du Chalabrais;CC
241100320;CC du Castelnaudary et du Bassin Lauragais;CC
241100338;CC des Hautes Corbières;CC
241100346;CC de la Contrée de Durban Corbières;CC
241100353;CC du Piémont d'Alaric;CC
241100361;CC du Canton d' Axat;CC
241100379;CC Hers et Ganguise;CC
241100411;CC Aude en Pyrénées;CC
241100429;CC du Pays de Couiza;CC
241100437;CC du Garnaguès et de la Piège;CC
241100445;CC de la Piège et du Lauragais;CC
241100452;CC du Cabardes Canal du Midi;CC
241100460;CA du Carcassonnais;CA
241100478;CC du Lauragais - Montagne Noire;CC
241100486;CC du Cabardes - Montagne Noire;CC
241100494;CC du Haut Cabardes;CC
241100510;CC du Canton de Lagrasse;CC
241100528;CC Corbières en Méditerranée;CC
241100536;CC du Nord-Ouest Audois;CC
241100544;CC du Haut Minervois;CC
241100551;CC de la Région Lézignanaise;CC
241100569;CC du Minervois au Cabardes;CC
241100577;CC du Canal du Midi en Sud Minervois;CC
241100585;CC de la Malepère;CC
241100593;CA le Grand Narbonne;CA
241100601;CC du Limouxin et du St-Hilairois;CC
241100619;CC les Côteaux du Razès;CC
241100627;CC du Razès Malepère;CC
241100643;CC du Pays de Sault;CC
241200054;CC d'Entraygues sur Truyère;CC
241200187;CA du Grand Rodez;CA
241200542;CC du Réquistanais;CC
241200567;CC de Millau Grands Causses;CC
241200583;CC du Bas Ségala;CC
241200591;CC de la Vallée du Lot;CC
241200609;CC du Canton de Laissac;CC
241200617;CC de Carladez;CC
241200625;CC du Pays Rignacois;CC
241200633;CC du Villefranchois;CC
241200641;CC Causse et Vallon de Marcillac;CC
241200658;CC du Pays de Salars;CC
241200666;CC de Séverac le Château;CC
241200674;CC du Plateau de Montbazens;CC
241200690;CC du Pays Baraquevillois;CC
241200716;CC des Pays d'Olt et d'Aubrac;CC
241200724;CC du Bassin de Decazeville Aubin;CC
241200732;CC du Canton de Najac;CC
241200765;CC de Lévézou Pareloup;CC
241200773;CC d'Estaing;CC
241200781;CC Viaur Céor Lagast;CC
241200799;CC du Naucellois;CC
241200807;CC Aveyron Ségala Viaur;CC
241200815;CC de Bozouls Comtal;CC
241200823;CC du Saint-Affricain;CC
241200831;CC du Pays Saint Serninois;CC
241200849;CC du Lot et de la Serre;CC
241200856;CC du Rougier de Camarès;CC
241200864;CC de l'Argence;CC
241200872;CC des Sept Vallons;CC
241200880;CC du Pays Belmontais;CC
241200906;CC Larzac-Templier Causses et Vallées;CC
241200914;CC du Tarn et de la Muse;CC
241300177;SAN Ouest Provence;SAN
241300201;CA Salon-Etang de Berre-Durance;CA
241300268;CA du Pays d'Aubagne et de l'Etoile;CA
241300276;CA du Pays d'Aix-en-Provence;CA
241300375;CC de la Vallée des Baux et des Alpilles;CC
241300383;CC Rhône Alpilles Durance;CC
241300391;CU Marseille Provence Métropole;CU
241300409;CA de l'Ouest de l'Étang de Berre;CA
241300417;CA Arles - Crau - Camargue - Montagnette;CA
241400381;CC de Vire;CC
241400415;CC Coeur Côte Fleurie;CC
241400498;CA Caen la Mer;CA
241400514;CC du Pays de Falaise;CC
241400522;CC du Canton de Vassy;CC
241400530;CC Moyaux Porte du Pays d'Auge;CC
241400548;CC d'ORIVAL;CC
241400555;CC Bayeux - Intercom;CC
241400589;CC des Rives de l'Odon;CC
241400613;CC Intercom Balleroy le Molay Littry;CC
241400621;CC de la Suisse Normande;CC
241400639;CC Campagne et Baie de l'Orne - CABALOR;CC
241400647;CC du Cingal;CC
241400662;CC du Val de Seulles;CC
241400670;CC de Trévières;CC
241400688;CC Plaine Sud de Caen;CC
241400696;CC entre Thue et Mue;CC
241400704;CC de Bény Bocage;CC
241400712;CC Condé Intercom;CC
241400720;CC Isigny Grandcamp Intercom;CC
241400738;CC du Pays de Livarot;CC
241400746;CC Évrecy Orne Odon;CC
241400753;CC Intercom Séverine;CC
241400761;CC de Cambremer;CC
241400779;CC de la Vallée d'Auge;CC
241400787;CC BSM;CC
241400795;CC des Trois Rivières;CC
241400803;CC Lisieux Pays d'Auge;CC
241400811;CC de l'Estuaire de la Dives;CC
241400829;CC Entre Bois et Marais;CC
241400837;CC du Val des Dunes;CC
241400845;CC Copadoz;CC
241400860;CC Coeur de Nacre;CC
241400878;CC Blangy Pont l'Évêque;CC
241400886;CC du Pays de Honfleur;CC
241400894;CC Aunay - Caumont - Intercom;CC
241400902;CC Villers-Bocage Intercom;CC
241400910;CC du Pays de l'Orbiquet;CC
241500230;CA du Bassin d'Aurillac;CA
241500248;CC du Pays de Massiac;CC
241500255;CC du Pays Gentiane;CC
241500271;CC du Pays de Mauriac;CC
241500289;CC du Pays de Montsalvy;CC
241500297;CC du Pays de Saint Flour;CC
241500917;CC du Pays de Maurs;CC
241501014;CC du Pays de Pierrefort;CC
241501022;CC du Cézallier;CC
241501030;CC Margeride Truyère;CC
241501048;CC Cère et Rance en Chataîgneraie;CC
241501055;CC Sumène - Artense;CC
241501063;CC du Pays de Murat;CC
241501071;CC de la Planèze;CC
241501089;CC Cère et Goul en Carladès;CC
241501097;CC de Caldaguès Aubrac;CC
241501139;CC Pays de Salers;CC
241600253;CA du Grand Angoulême;CA
241600303;CC du Rouillacais;CC
241600329;CC de Braconne et Charente;CC
241600337;CC du Pays de Chalais;CC
241600345;CC de Cognac;CC
241600352;CC de la Boixe;CC
241600360;CC d'Horte et Lavalette;CC
241600378;CC du Pays d'Aigre;CC
241600386;CC du Montmorélien;CC
241600394;CC de la Vallée de l'Échelle;CC
241600402;CC du Blanzacais;CC
241600410;CC du Confolentais;CC
241600428;CC du Pays d'Aubeterre;CC
241600436;CC du Pays Manslois;CC
241600451;CC des Trois Vallées;CC
241600469;CC de Charente Boëme Charraud;CC
241600493;CC de Grande Champagne;CC
241600501;CC des 3B Sud Charente;CC
241600519;CC de la Région de Châteauneuf sur Charente;CC
241600527;CC Bandiat Tardoire;CC
241600535;CC de Villefagnan;CC
241600543;CC de Jarnac;CC
241600568;CC de Haute Charente;CC
241600592;CC de Ruffec;CC
241700392;CC du Canton de Courçon;CC
241700400;CC de la Haute Saintonge;CC
241700434;CA de La Rochelle;CA
241700459;CC de l'île de Ré;CC
241700467;CC de la Région de Pons;CC
241700475;CC du Canton de Saint Hilaire de Villefranche;CC
241700483;CC de la Plaine d'Aunis;CC
241700491;CC du Canton de Loulay;CC
241700509;CC du Pays de Matha;CC
241700517;CC Charente Arnoult Coeur de Saintonge;CC
241700525;CC de Surgères;CC
241700533;CC du Pays Buriaud;CC
241700566;CA du Pays Rochefortais;CA
241700574;CC du Pays Savinois;CC
241700582;CC du Canton de Saint Jean d'Angely;CC
241700608;CC Sud Charente;CC
241700616;CC du Canton d'Aulnay de Saintonge;CC
241700624;CC de l'île d'Oléron;CC
241700632;CC du Canton de Gémozac et de la Saintonge Viticole;CC
241700640;CA Royan Atlantique;CA
241700657;CC des Bassins Seudre et Arnoult;CC
241700681;CC du Pays Marandais;CC
241700699;CC du Bassin de Marennes;CC
241700707;CC du Pays Santon;CC
241773043;CC du Val de Trézence de la Boutonne à la Devise;CC
241800218;CC des Vallées Vertes du Cher Ouest;CC
241800226;CC des Rives du Cher et de l'Arnon;CC
241800234;CC en Terres Vives;CC
241800325;CC des Villages de la Forêt;CC
241800341;CC des Vals de Cher et d'Arnon;CC
241800358;CC Coeur de France;CC
241800366;CC des Portes du Boischaut;CC
241800374;CC de la Septaine;CC
241800408;CC du Berry Charentonnais;CC
241800424;CC du Dunois;CC
241800432;CC des Trois Provinces;CC
241800440;CC des Hautes Terres en Haut Berry;CC
241800457;CC Fercher - Pays Florentais;CC
241800465;CC des Terroirs d'Angillon;CC
241800473;CC des Rampennes;CC
241800507;CA Bourges Plus;CA
241800515;CC Vierzon Pays des cinq rivières;CC
241800523;CC Les terres d'Yèvre;CC
241800531;CC Coeur du Pays Fort;CC
241900109;CC Juillac - Loyre - Auvezère;CC
241900117;CC de Bort les Orgues, Lanobre et Beaulieu;CC
241900133;CC de Ventadour;CC
241927201;CC Tulle et Coeur de Corrèze;CC
241927235;CC du Pays de Pompadour;CC
241927243;CC du Pays d'Uzerche;CC
241927250;CC du Bassin d'Objat;CC
241927268;CC du Doustre et du Plateau des Étangs;CC
241927276;CC Vézère - Causse;CC
241927284;CC Bugeat-Sornac Millevaches au coeur;CC
241927292;CC du Pays d'Eygurande;CC
241927300;CA de Brive;CA
241927318;CC Lubersac-Auvézère;CC
241927326;CC des Portes du Causse;CC
241927334;CC des Gorges de la haute Dordogne;CC
241927342;CC des trois A : A20, A89 et Avenir;CC
241927359;CC du Canton de Beynat;CC
241927367;CC du Pays d'Argentat;CC
241927375;CC de Vézère Monédières;CC
241927383;CC du Sud Corrézien;CC
241927391;CC des Villages du Midi Corrézien;CC
241927409;CC du Plateau Bortois;CC
241927417;CC Ussel-Meymac-Haute-Corrèze;CC
241927425;CC des Monédières;CC
242000354;CA de Bastia;CA
242000479;CC de la Costa Verde;CC
242000487;CC du Canton de Fiumorbu;CC
242000495;CC de l'Alta Rocca;CC
242000503;CC de la Haute Vallée de la Gravona;CC
242000537;CC du Cap Corse;CC
242010015;CC du Taravu;CC
242010023;CC des Deux Sorru;CC
242010056;CA du Pays Ajaccien;CA
242010072;CC de la Vallée du Prunelli;CC
242010098;CC de la Côte des Nacres;CC
242010130;CC du Sartenais Valinco;CC
242020071;CC du Centre Corse;CC
242020097;CC de la Casinca;CC
242020105;CC de Calvi Balagne;CC
242020113;CC du bassin de vie de l'Ile Rousse;CC
242020121;CC di E Cinque Piève di Balagna;CC
242020139;CC Aghja Nova;CC
242100030;CC du Pays d'Arnay;CC
242100154;CC des Vallées de la Tille et de l'Ignon;CC
242100345;CC du Sinemurien;CC
242100410;CA Grand Dijon;CA
242100493;CC du Pays de Saint Seine l'Abbaye;CC
242100501;CC de l'Auxois Sud;CC
242100519;CC du Val de Norges;CC
242101285;CC du Canton de Bligny sur Ouche;CC
242101301;CC du Canton de Vitteaux;CC
242101335;CC du Mirebellois;CC
242101343;CC de Liernais;CC
242101350;CC du Canton de Pontailler sur Saône;CC
242101368;CC de la Vallée de l'Ouche;CC
242101376;CC de la Plaine des Tilles;CC
242101384;CC du Canton de Selongey;CC
242101392;CC de la Butte de Thil;CC
242101400;CC du Sombernonnais;CC
242101418;CC Forêts Lavières et Suzon;CC
242101426;CC du Val de Vingeanne;CC
242101434;CC du Pays Châtillonnais;CC
242101442;CC de Saulieu;CC
242101459;CC du Pays d'Alésia et de la Seine;CC
242101467;CC de Gevrey-Chambertin;CC
242101475;CC du Pays de Nuits Saint Georges;CC
242101483;CC Auxonne - Val de Saône;CC
242101491;CC du Montbardois;CC
242101509;CC Rives de Saône, CC Saint Jean de Losne - Seurre;CC
242200053;CC de Dinan;CC
242200517;CA Saint-Brieuc Agglomération Baie d'Armor;CA
242200533;CC Lamballe Communauté;CC
242200566;CC de Guingamp;CC
242200574;CC Centre Armor Puissance 4;CC
242200582;CC du Hardouinais Mené;CC
242200590;CC du Trieux;CC
242200608;CC du Pays de Caulnes;CC
242200616;CC Quintin Communauté;CC
242200624;CC du Pays Rochois;CC
242200632;CC Arguenon Hunaudaye;CC
242200640;CC du Pays de Lanvollon - Plouha;CC
242200657;CC Cideral;CC
242200665;CC du Centre Trégor;CC
242200673;CC du Pays de Du Guesclin;CC
242200681;CC Pays Plélan;CC
242200699;CC du Pays de Moncontour de Bretagne;CC
242200707;CC de Plancoët Val d' Arguenon;CC
242200715;CC du Kreiz - Breizh;CC
242200723;CC du Pays de Bourbriac;CC
242200731;CC du Pays d'Évran;CC
242200749;CC du Pays d'Uzel près l'Oust;CC
242200764;CC le Leff Communauté;CC
242200772;CC Guerdelan Mûr-de-Bretagne;CC
242200780;CC Rance Frémur;CC
242200798;CA Lannion - Trégor - Agglomération;CA
242200806;CC de Beg ar C'hra - Plouaret;CC
242200822;CC du Pays de Corlay;CC
242200830;CC des Trois Rivières;CC
242200848;CC du Sud Goëlo;CC
242200855;CC du Pays de Belle Isle en Terre;CC
242214294;CC Paimpol - Goëlo;CC
242214344;CC du Pays de Matignon;CC
242214393;CC du Pays de Bégard;CC
242214427;CC de la Côte de Penthièvre;CC
242214435;CC du Méné;CC
242214443;CC de la Presqu'île de Lézardrieux;CC
242214450;CC Callac-Argoat;CC
242300101;CC du Pays Creuse Thaurion Gartempe;CC
242300127;CC Auzances - Bellegarde en Marche;CC
242300135;CC du Pays Sostranien;CC
242303139;CC du Pays de Boussac;CC
242309003;CC du Plateau de Gentioux;CC
242309607;CC de Guéret - Saint Vaury;CC
242313609;CC de Marche Avenir;CC
242320000;CC de Bénévent Grand Bourg;CC
242320018;CC du Carrefour des Quatre Provinces;CC
242320026;CC des Deux Vallées;CC
242320034;CC de Bourganeuf - Royère de Vassivière;CC
242320059;CC de Aubusson - Felletin;CC
242320067;CC du Haut Pays Marchois;CC
242320075;CC des Sources de la Creuse;CC
242320083;CC d'Evaux les Bains et de Chambon sur Voueize;CC
242320091;CC de Chénérailles;CC
242320109;CC du Pays Dunois;CC
242320117;CC de la Petite Creuse;CC
242400596;CC des Hauts de Dronne;CC
242400604;CC des Villages du Haut Périgord;CC
242400620;CA Périgourdine;CA
242400646;CC de Cadouin;CC
242400661;CC du Pays d'Hautefort;CC
242400679;CC du Monpaziérois;CC
242400711;CC de la Vallée de la Dordogne;CC
242400745;CC du Pays Beaumontois;CC
242400752;CC du Pays de Jumilhac le Grand;CC
242400778;CC du Périgord Vert;CC
242400786;CC Isle et Double;CC
242400794;CC du Pays Issigeacois;CC
242400810;CC du Pays de Champagnac en Périgord;CC
242400828;CC du Verteillacois;CC
242400836;CC de la Moyenne Vallée de l'Isle;CC
242400851;CC du Terrassonais;CC
242400869;CC du Pays de Mareuil en Périgord;CC
242400877;CC du Canton de Domme;CC
242400885;CC en Périgord Noir;CC
242400893;CC du Salignacois;CC
242400901;CC du Ribéracois;CC
242400919;CC de la Basse Vallée de l'Isle;CC
242400935;CC du Pays de Saint Aulaye;CC
242400943;CC du Pays du Châtaignier;CC
242400968;CC du Pays Sarladais;CC
242400992;CC du Carluxais Terre de Fénelon;CC
242401008;CC Terre de Cromagnon;CC
242401016;CC entre Nauze et Bessède;CC
242401024;CC du Pays de Lanouaille;CC
242401032;CC du Périgord Vert Granitique;CC
242401040;CC du Brantomois;CC
242401057;CC du Pays Vernois;CC
242401065;CC du Pays Thibérien;CC
242401081;CC les Villages Truffiers des Portes de Périgueux;CC
242401099;CC de la Vallée de la Vezère;CC
242401107;CC du Pays de Villamblard;CC
242401115;CC de Bergerac Pourpre;CC
242401123;CC du Terroir de la Truffe;CC
242401131;CC Dordogne Eyraud Lidoire;CC
242401149;CC Val et Coteaux d'Eymet;CC
242401156;CC du Gursonnais;CC
242401172;CC du Périgord Nontronnais;CC
242401180;CC du Bassin Lindois;CC
242401198;CC des Trois Vallées Bergeracois;CC
242401206;CC du Val de Dronne;CC
242401214;CC Astérienne;CC
242401222;CC du Mussidanais en Périgord;CC
242401230;CC Causse et Vézère;CC
242401248;CC Entre Dordogne et Louyre;CC
242401255;CC des Côteaux de Sigoulès;CC
242401271;CC de la Vallée du Salembre;CC
242401289;CC Causses et Rivières en Périgord;CC
242401305;CC Montaigne en Montravel;CC
242500320;CC du Canton de Montbenoît;CC
242500338;CC du Larmont;CC
242500361;CA du Grand Besançon;CA
242500379;CC du Canton d'Amancey;CC
242500619;CC des Isles du Doubs;CC
242500668;CC des Premiers Sapins;CC
242503886;CA du Pays de Montbéliard;CA
242504116;CC du Canton de Morteau;CC
242504181;CC du Pays de Pierrefontaine Vercel;CC
242504207;CC du Pays d'Ornans;CC
242504215;CC du Mont d'Or et des deux Lacs;CC
242504280;CC du Pays de Rougemont;CC
242504330;CC du Canton de Quingey;CC
242504348;CC des Hauts du Doubs;CC
242504355;CC du Plateau de Russey;CC
242504363;CC de la Vallée du Rupt;CC
242504371;CC du Vallon de Sancey;CC
242504389;CC des Trois Cantons;CC
242504397;CC de Saint Hippolyte;CC
242504413;CC Val de Dame Blanche;CC
242504421;CC du Val Saint Vitois;CC
242504439;CC de Vaîte - Aigremont;CC
242504447;CC du Pays Baumois;CC
242504454;CC de la Bussière;CC
242504462;CC des balcons du Lomont;CC
242504470;CC entre Desoubre et Barbeche;CC
242504488;CC Altitude 800;CC
242504496;CC du plateau de Frasne et du Val de Drugeon;CC
242504504;CC des Rives de l'Ognon;CC
242600252;CC du Val de Drôme;CC
242600401;CC du Pays de Grignan;CC
242600450;CA Montélimar-Sésame;CA
242600468;CC du Pays de Marsanne;CC
242600484;CC Rhône - Valloire;CC
242600492;CC du Pays de Dieulefit;CC
242600526;CC du Crestois;CC
242600534;CC du Diois;CC
242600542;CC du Vercors;CC
242600559;CC du Pays de Saillans;CC
242600567;CC du Pays de l'Herbasse;CC
242600575;CC du Pays du Buis les Baronnies;CC
242600583;CC du Pays de Royans;CC
242600591;CC du Val d'Eygues;CC
242600609;CC du Pays de Romans;CC
242600625;CC les Deux Rives de la région de Saint Vallier;CC
242600633;CC du Canton de Bourg de Péage;CC
242600641;CC des Hautes Baronnies;CC
242600658;CC du Pays de Rémuzat;CC
242600666;CC du Pays de L'Hermitage;CC
242600674;CC des Confluences Drome Ardèche;CC
242600690;CC de la Galaure;CC
242700276;CC de Conches;CC
242700284;CC du Bassin de l'Emploi de l'Andelle;CC
242700292;CC du Roumois Nord;CC
242700318;CC du Canton de Beaumesnil;CC
242700326;CC de Bourgtheroulde Infreville;CC
242700334;CC du Pays de Damville;CC
242700359;CC de Quillebeuf sur Seine;CC
242700367;CC de Pont Audemer;CC
242700375;CC du Canton de Rugles;CC
242700383;CC d'Amfreville la Campagne;CC
242700391;CC de Risle - Charentonne;CC
242700409;CA Seine - Eure;CA
242700417;CC du Canton de Lyons la Forêt;CC
242700425;CC de Thiberville;CC
242700433;CC du Canton de Cormeilles;CC
242700441;CC du Canton d'Étrépagny;CC
242700458;CC Seine Bord;CC
242700466;CC du Canton de Broglie;CC
242700474;CC Val de Risle;CC
242700482;CC Intercom du Pays Beaumontais;CC
242700490;CC du Pays de Verneuil-sur-Avre;CC
242700508;CC du Canton de Brionne;CC
242700516;CC Epte vexin seine;CC
242700524;CC Vièvre-Lieuvin;CC
242700557;CC Rurales du Sud de l'Eure;CC
242700565;CC de la Porte Normande;CC
242700573;CA d'Évreux;CA
242700581;CC de Bernay et ses environs;CC
242700599;CC de Beuzeville;CC
242700607;CC du Pays de Neubourg;CC
242700615;CC du Canton de Breteuil sur Iton;CC
242700623;CC Eure Madrie Seine;CC
242700631;CC des Andelys et Environs;CC
242700649;CA des Portes de l'Eure;CA
242700656;CC Gisors-Epte-Lévrière;CC
242800191;CA de Chartres Métropole;CA
242800217;CC du Bois Gueslin;CC
242800274;CC du Val de l'Eure;CC
242800290;CC de la Beauce d'Orgères;CC
242852309;CC de l'Orée du Perche;CC
242852408;CC de l'Orée de Chartres;CC
242852416;CC du Val Drouette;CC
242852424;CC des Trois Rivières;CC
242852432;CC Terrasses Vallées;CC
242852440;CA Dreux Agglomération;CA
242852457;CC des Villages du Drouais;CC
242852465;CC Bonnevalais;CC
242852473;CC du Pays de Combray;CC
242852481;CC du Pays Courvillois;CC
242852499;CC de la Beauce Voveene;CC
242852507;CC du Thymerais;CC
242852515;CC du Perche Senonchois;CC
242852523;CC du Val d'Avre;CC
242852531;CC Beauce Alneloise;CC
242852549;CC des Portes du Perche;CC
242852556;CC du Plateau de Brezolles;CC
242852564;CC du Perche-Gouet;CC
242852572;CC des Quatre Vallées;CC
242852580;CC des Plaines et Vallées Dunoises;CC
242852598;CC du Dunois;CC
242852606;CC du Val de Voise;CC
242852614;CC de la Beauce de Janville;CC
242852630;CC du Perche Thironnais;CC
242900074;CC du Pays d'Iroise;CC
242900314;CU de Brest Métropole Océane;CU
242900553;CC du Pays des Abers;CC
242900561;CC de Haute Cornouaille;CC
242900629;CC du Cap Sizun;CC
242900637;CC du Yeun Ellez;CC
242900645;CC du Pays de Douarnenez;CC
242900652;CC du Pays Glazik;CC
242900660;CC du Pays Fouesnantais;CC
242900694;CC du Pays de Quimperlé;CC
242900702;CC du Pays Bigouden Sud;CC
242900710;CC du Haut Pays Bigouden;CC
242900728;CA Quimper Communauté;CA
242900736;CC de la Baie du Kernic;CC
242900744;CC Poher Communauté;CC
242900751;CC du Pays de Landivisiau;CC
242900769;CC de Concarneau Cornouaille;CC
242900777;CC du Pays Léonard;CC
242900785;CC des Monts d'Arrée;CC
242900793;CC Pays de Lesneven et de la côte des Légendes;CC
242900801;CC du Pays de Landerneau Daoulas;CC
242900827;CC de la Presqu'île de Crozon;CC
242900835;CA Morlaix-Communauté;CA
242913309;CC de la Région de Pleyben;CC
242913317;CC de l'Aulne Maritime;CC
242913325;CC Pays de Châteaulin et du Porzay;CC
243000262;CC de l'Aigoual;CC
243000270;CC du Pays Viganais;CC
243000288;CA du Grand Alès en Cévennes;CA
243000296;CC du Pays de Sommières;CC
243000304;CC de la Région de Vézénobres;CC
243000379;CC des Garrigues Actives;CC
243000445;CC Autour d'Anduze;CC
243000452;CC Vivre en Cévennes;CC
243000486;CC des Cévennes Actives;CC
243000528;CC des Hautes Cévennes;CC
243000536;CC de la Côte du Rhône Gardoise;CC
243000544;CC de Cèze Sud;CC
243000551;CC du Pays Grand Combien;CC
243000569;CC Rhony, Vistre, Vidourle;CC
243000585;CC Beaucaire - Terre d'Argence;CC
243000593;CC de Petite Camargue;CC
243000619;CC de l'Uzège;CC
243000627;CC du Mont Bouquet;CC
243000635;CC de Valcezard;CC
243000643;CA Nîmes Métropole;CA
243000650;CC Terre de Camargue;CC
243000684;CC du Pont du Gard;CC
243000726;CC du Grand Lussan;CC
243000734;CC Rhône Cèze Languedoc;CC
243000742;CC de Leins Gardonnenque;CC
243000759;CC du Val de Tave;CC
243000767;CC de la Vallée Borgne;CC
243000775;CC Autour de Lédignan;CC
243000783;CC Coutach Vidourle;CC
243000809;CC Cevennes-Garrigues;CC
243100179;CC Coteaux du Lauragais Sud (CO.LAUR.SUD);CC
243100377;CC du Canton de Saint Martory;CC
243100518;CU du Grand Toulouse;CU
243100542;CC de la Vallée de l'Ariège;CC
243100567;CC Lauragais Revel et Sorézois;CC
243100609;CC des Trois Vallées;CC
243100633;CA Sicoval;CA
243100641;CC Nebouzan - Rivière Verdun;CC
243100658;CC du Volvestre;CC
243100682;CC de Lèze Ariège Garonne;CC
243100690;CA du Muretain;CA
243100708;CC Axe-Sud;CC
243100716;CC de Garonne Lougé;CC
243100724;CC du Haut Comminges;CC
243100732;CC des Coteaux du Girou;CC
243100765;CC du Canton d'Aurignac;CC
243100773;CC Villemur sur Tarn;CC
243100781;CC de la Save au Touch;CC
243100799;CC du Saint Gaudinois;CC
243100815;CC des Coteaux Bellevue;CC
243100849;CC du Canton de Saint Béat;CC
243100856;CC du Canton de Cadours;CC
243100864;CC de Save et Garonne;CC
243100872;CC Coteaux du Saves et de l'Aussonnelle;CC
243100880;CC Coeur Lauragais;CC
243100898;CC du Savès;CC
243200300;CC Val de Gers;CC
243200391;CC la Lomagne Gersoise;CC
243200409;CC du Bas Armagnac;CC
243200417;CC la Tenarèze;CC
243200425;CC Coeur d'Astarac en Gascogne;CC
243200441;CC Terride Arcadèche;CC
243200458;CC grand Armagnac;CC
243200466;CC Les Bastides du Val d'Arrats;CC
243200474;CC Arrats - Gimones;CC
243200482;CC Coeur de Lomagne;CC
243200508;CC Bastides et Vallons du Gers;CC
243200516;CC des Hautes Vallées;CC
243200524;CC Vals et Villages en Astarac;CC
243200532;CC des Hautes Vallées de Gascogne;CC
243200540;CC du Grand Auch;CC
243200557;CC Leez et Adour;CC
243200565;CC Coeur de Gascogne;CC
243200573;CC Monts et Vallées de l'Adour;CC
243200599;CC Saves;CC
243200607;CC d'Artagnan de Fezensac;CC
243200623;CC Terres d'Armagnac;CC
243200631;CC des Coteaux de Gimone;CC
243300316;CU de Bordeaux;CU
243300563;CA du Bassin d'Arcachon Sud - Pôle Atlantique;CA
243300738;CC de la Pointe du Médoc;CC
243300795;CC de l'Entre Deux Mers Ouest;CC
243300811;CC du Canton de Saint Ciers sur Gironde;CC
243300829;CC du Pays de Coutras;CC
243300837;CC du Centre Médoc;CC
243300894;CC du Canton de Bourg sur Gironde;CC
243301116;CC du Pays de Pellegrue;CC
243301124;CC du Pays de Sauveterre;CC
243301165;CC Cestas Canéjan;CC
243301173;CC du Vallon de l'Artolie;CC
243301181;CC du Canton de Saint Savin;CC
243301215;CC du Créonnais;CC
243301223;CC du Cubzaguais;CC
243301231;CC de Captieux Grignols;CC
243301249;CC du secteur de Saint Loubes;CC
243301256;CC de la Juridiction de Saint Émilion;CC
243301264;CC de Montesquieu;CC
243301272;CC du Bazadais;CC
243301280;CC du Canton de Villandraut;CC
243301298;CC du Targonnais;CC
243301306;CC du Pays Paroupian;CC
243301314;CC du Libournais;CC
243301322;CC du Sud Libournais;CC
243301330;CC du Canton de Guitres;CC
243301355;CC des Coteaux Bordelais;CC
243301371;CC du Pays Foyen;CC
243301389;CC Médullienne;CC
243301397;CC du Canton de Fronsac;CC
243301405;CC du Val de L'Eyre;CC
243301413;CC des Lacs Médocains;CC
243301421;CC Coeur du Médoc;CC
243301439;CC des Portes de l'Entre Deux Mers;CC
243301447;CC Médoc Estuaire;CC
243301454;CC Castillon Pujols;CC
243301462;CC des Coteaux Macariens;CC
243301470;CC des Coteaux de Garonne;CC
243301488;CC du Pays de Langon;CC
243301504;CC du Bassin d'Arcachon Nord Atlantique;CC
243301512;CC du Réolais;CC
243301520;CC du Pays d'Auros;CC
243301538;CC du Canton de Podensac;CC
243301546;CC du Monségurais;CC
243301553;CC du Lussacais;CC
243400017;CA Montpellier Agglomération;CA
243400355;CC du Clermontais;CC
243400389;CC de la Montagne du Haut Languedoc;CC
243400413;CC Framps 909;CC
243400454;CC du Saint Chinianais;CC
243400470;CC du Pays de l'Or;CC
243400488;CC la Domitienne;CC
243400512;CC du Faugères;CC
243400520;CC du Pays de Lunel;CC
243400538;CC des Monts d'Orb;CC
243400546;CC Les Sources;CC
243400553;CC du Pays Saint Ponais;CC
243400611;CC Combes et Taussac;CC
243400629;CC Orb et Jaur;CC
243400637;CC Ceps et Sylves;CC
243400678;CC Coteaux et Châteaux;CC
243400686;CC Canal - Lirou;CC
243400694;CC Vallée de l'Hérault;CC
243400710;CC Orb et Taurou;CC
243400728;CC du Pays de Thongue;CC
243400736;CC des Cévennes Gangeoises et Sumenoises;CC
243400751;CC du Nord du Bassin de Thau;CC
243400769;CA Béziers Méditerranée;CA
243400777;CC D'Avene, Orb et Gravezon;CC
243400819;CA Hérault Méditerranée;CA
243400827;CA du Bassin de Thau;CA
243500139;CA Rennes Métropole;CA
243500147;CC Fougères Communauté;CC
243500485;CC du Pays de St Méen-le-Grand;CC
243500493;CC du Canton de Pipriac;CC
243500501;CC Coglais Communauté;CC
243500535;CC Louvigné Communauté;CC
243500543;CC Antrain Communauté;CC
243500550;CC de Montfort Communauté;CC
243500568;CC du Pays de Montauban de Bretagne;CC
243500576;CC Pleine Fougères - Baie du Mt St Michel;CC
243500584;CC du Canton de Guichen - Acsor;CC
243500592;CC du Canton de Saint Aubin du Cormier;CC
243500600;CC du Pays Guerchais;CC
243500618;CC de Brocéliande;CC
243500626;CC du Pays de Bécherel;CC
243500634;CC au Pays de la Roche aux Fées;CC
243500642;CC de Moyenne Vilaine et du Semnon;CC
243500659;CC du Pays de Châteaugiron;CC
243500667;CC du Val d'Ille;CC
243500675;CC du Pays d'Aubigné;CC
243500683;CC du Pays de Maure de Bretagne;CC
243500691;CC du Pays de Dol de Bretagne et de la Baie du Mont Saint Michel;CC
243500709;CC du Pays du Grand Fougeray;CC
243500725;CC de la Côte d'Émeraude;CC
243500733;CC de la Bretagne Romantique;CC
243500741;CC du Pays de Redon;CC
243500774;CC du Pays de Liffré;CC
243500782;CA de Saint Malo Aggloméraion;CA
243500808;CA Vitré communauté;CA
243600202;CC Chabris Pays de Bazelle;CC
243600210;CC du Canton de Vatan;CC
243600228;CC du Pays d'Argenton sur Creuse;CC
243600236;CC du Pays d'Issoudun;CC
243600244;CC de Valençay;CC
243600269;CC Pays Écueillé;CC
243600285;CC du Val d'Anglin;CC
243600293;CC de la Région de Levroux;CC
243600301;CC Val de l'Indre - Brenne;CC
243600319;CC Brenne Val de Creuse;CC
243600327;CA Castelroussine;CA
243600343;CC Coeur de Brenne;CC
243600350;CC de la Chatre et Sainte Geneviève;CC
243600368;CC de Champagne Berrichonne;CC
243700176;CC Val d'Amboise;CC
243700184;CC du Véron;CC
243700390;CC de la Rive Gauche de la Vienne;CC
243700432;CC de Gâtine et Choisilles;CC
243700465;CC Loches Développement;CC
243700499;CC du Castelrenaudais;CC
243700663;CC Touraine Nord Ouest;CC
243700697;CC du Pays de Richelieu;CC
243700713;CC des Deux Rives;CC
243700747;CC de l'Est Tourangeau;CC
243700754;CA Tours (Plus);CA
243700770;CC de Montrésor;CC
243700788;CC du Vouvrillon;CC
243700796;CC du Pays d'Azay le Rideau;CC
243700804;CC du Val de l'Indre;CC
243700812;CC de la Touraine du Sud;CC
243700820;CC de Bléré Val de Cher;CC
243700861;CC du Pays de Bourgueil;CC
243700879;CC Rivière Chinon Saint Benoît la Forêt;CC
243700887;CC de Racan;CC
243700895;CC du grand Ligueillois;CC
243700911;CC du Bouchardais;CC
243700929;CC de Sainte Maure de Touraine;CC
243800075;CC du Pays de Corps;CC
243800083;CC du Pays de Bièvre Liers;CC
243800091;CC de la Vallée de l'Hien;CC
243800372;CC des Vallons de la Tour du Pin;CC
243800455;CA du Pays Viennois;CA
243800497;CC de Virieu sur Bourbre;CC
243800604;CA Porte de l'Isère;CA
243800612;CC du Pays des Couleurs;CC
243800745;CC de l'Oisans;CC
243800778;CC du Pays Roussillonnais;CC
243800844;CC du Territoire de Beaurepaire;CC
243800877;CC du Canton de Clelles en Trièves;CC
243800893;CC de Bièvre Toutes Aures;CC
243800901;CA Grenoble Alpes Métropole;CA
243800927;CC de la Région Saint Jeannaise;CC
243800935;CC de la Porte Dauphinoise de Lyon Satolas;CC
243800943;CC du Pays de Chambaran;CC
243800950;CC de Vercors Isère;CC
243800968;CC de Vinay;CC
243800976;CC du Canton de Mens;CC
243800984;CA du Pays Voironnais;CA
243801016;CC du Balcon Sud de la Chartreuse;CC
243801024;CC du Massif du Vercors;CC
243801057;CC Chartreuse Guiers;CC
243801073;CC de Bièvre Est;CC
243801099;CC des Balmes Dauphinoises;CC
243801123;CC de la Matheysine;CC
243801131;CC du Sud Grenoblois;CC
243801149;CC des Vallons du Guiers;CC
243801198;CC du Pays de Saint Marcellin;CC
243801206;CC du Canton de Monestier-de-Clermont;CC
243801214;CC de la Bourne à l’Isère;CC
243801248;CC de la Chaîne des Tisserands;CC
243801255;CC des Collines du Nord Dauphiné;CC
243801297;CC du Valbonnais;CC
243900305;CC du Pays de Saint Amour;CC
243900339;CC du Bassin Lédonien;CC
243900347;CC du Plateau de Lizon;CC
243900354;CC de la Station des Rousses;CC
243900388;CC du Val de Bienne;CC
243900396;CC des Foulletons;CC
243900412;CC du Jura Sud;CC
243900420;CC du Val d'Amour;CC
243900461;CC des Hautes Combes du Jura;CC
243900479;CC du Haut Jura;CC
243900560;CC du Jura Nord;CC
243900610;CC de la Granvallière;CC
243900669;CC la Bletteranoise;CC
243900719;CC du Pays des Lacs;CC
243900768;CC du Val de Sorne;CC
243900818;CC du Premier Plateau;CC
243900917;CC des Coteaux de la Haute Seille;CC
243900974;CC du Nord Ouest Jura;CC
243900990;CC du Val de Brenne;CC
243901014;CC du comté de Grimont;CC
243901048;CC du Pays de Salins les Bains;CC
243901055;CC Arbois, Vignes et Villages - Pays de Louis Pasteur;CC
243901071;CC de la Région d'Orgelet;CC
243901089;CC de la Plaine Jurassienne;CC
243901105;CC du Sud Revermont;CC
243901113;CC du Plateau de Nozeroy;CC
244000543;CC de Mimizan;CC
244000592;CC du Tursan;CC
244000642;CC du Canton de Pissos;CC
244000659;CC du Seignanx;CC
244000667;CC du Pays d'Orthe;CC
244000675;CA du Grand Dax;CA
244000691;CC du Pays Morcenais;CC
244000709;CC Hagetmau Communes Unies;CC
244000717;CC du Canton de Mugron;CC
244000741;CC du Canton de Montfort en Chalosse;CC
244000758;CC du Pays d'Albret;CC
244000766;CC du Pays Tarusate;CC
244000774;CC du Pays de Villeneuve de Marsan en Armagnac;CC
244000782;CC de la Haute Lande;CC
244000790;CC du Pays de Roquefort;CC
244000808;CA du Marsan;CA
244000816;CC de Pouillon;CC
244000824;CC du Pays Grenadois;CC
244000832;CC du Cap de Gascogne;CC
244000840;CC du Gabardan;CC
244000857;CC du Canton de Castets;CC
244000865;CC Maremne Adour Côte Sud;CC
244000873;CC des Grands Lacs;CC
244000881;CC Coteaux et Vallées des Luys;CC
244100251;CC du Pays de Vendôme;CC
244100269;CC du Vendômois Rural;CC
244100293;CC des Collines du Perche;CC
244100632;CC Val de Cher - Saint Aignan;CC
244100665;CC du Haut Vendômois;CC
244100673;CC Cher-Sologne;CC
244100681;CC de la Beauce Ligérienne;CC
244100699;CC de Beauce et Forêt;CC
244100707;CC de la Beauce Oratorienne;CC
244100715;CC du Perche Vendômois;CC
244100723;CC des Coteaux de la Braye;CC
244100731;CC du Pays de Ronsard;CC
244100756;CC Beauce - Val de Cisse;CC
244100764;CC du Cher à la Loire;CC
244100772;CC de Beauce et Gâtine;CC
244100780;CC de la Sologne des Étangs;CC
244100798;CC du Pays de Chambord;CC
244100806;CC La Sologne des Rivières;CC
244200341;CA le Grand Roanne;CA
244200598;CC des Collines du Matin;CC
244200606;CC de Feurs en Forez;CC
244200614;CC des Vals d'Aix et Isable;CC
244200622;CC des Monts du Pilat;CC
244200630;CC du Pays entre Loire et Rhône;CC
244200648;CC du Pays de Charlieu;CC
244200655;CC de l'Ouest Roannais;CC
244200663;CC du Canton de Belmont de la Loire;CC
244200671;CC de Balbigny;CC
244200713;CC du Pays de Perreux;CC
244200721;CC de Forez en Lyonnais;CC
244200739;CC du Pays de la Pacaudière;CC
244200762;CC du Pays d'Astrée;CC
244200770;CA de Saint Etienne Métropole;CA
244200796;CA Loire-Forez;CA
244200812;CC du Pays de Saint Galmier;CC
244200820;CC du Pays d'Urfé;CC
244200838;CC des Montagnes du Haut Forez;CC
244200846;CC du Pays de Saint Bonnet le Château;CC
244200853;CC de la Côte Roannaise;CC
244200895;CC Pilat Rhodanien;CC
244300018;CA du Puy-en-Velay;CA
244300208;CC du Pays de Craponne;CC
244300216;CC de la Ribeyre, Chaliergue et Margeride;CC
244300224;CC du Pays de Paulhaguet;CC
244300232;CC du Mézenc;CC
244300240;CC des Portes d'Auvergne;CC
244300265;CC de l'Emblavez;CC
244300299;CC Plateau de la Chaise Dieu;CC
244300307;CC du Pays de Montfaucon;CC
244300315;CC du Blesle;CC
244301016;CC des Sucs;CC
244301032;CC du Brivadois;CC
244301057;CC du Langeadois;CC
244301065;CC de Rochebaron à Chalençon;CC
244301073;CC du Meygal;CC
244301099;CC Auzon Communauté;CC
244301107;CC du Haut Lignon;CC
244301115;CC les Marches du Velay;CC
244301123;CC des Pays de Cayres et de Pradelles;CC
244301131;CC Loire et Semène;CC
244301149;CC du Pays de Saugues;CC
244400404;CU Nantes Métropole;CU
244400420;CC de la région de Machecoul;CC
244400438;CC de Grandlieu;CC
244400446;CC de la Vallée de Clisson;CC
244400453;CC de la Région de Blain;CC
244400487;CC du Castelbriantais;CC
244400495;CC du Secteur de Derval;CC
244400503;CC d'Erdre et Gesvres;CC
244400511;CC du Loire Divatte;CC
244400529;CC de la Loire Atlantique Méridionale;CC
244400537;CC de la Région de Nozay;CC
244400545;CC Coeur Pays de Retz;CC
244400552;CC du Pays d'Ancenis;CC
244400578;CC de Vallet;CC
244400586;CC Sud Estuaire;CC
244400610;CA de la Presqu'île de Guérande - Atlantique (CAP Atlantique);CA
244400644;CA Région Nazairienne et de l'Estuaire (la CARENE);CA
244400651;CC Sèvre, Maine et Goulaine;CC
244400677;CC de Pornic;CC
244400693;CC Loire et Sillon;CC
244400701;CC Coeur d'Estuaire;CC
244500195;CC de Châtillon Coligny;CC
244500203;CA Montargoise et des Rives du Loing;CA
244500211;CC Giennoises;CC
244500278;CC du Canton de Lorris;CC
244500393;CC de Beauce et du Gâtinais;CC
244500401;CC du Beaunois;CC
244500419;CC des Quatre Vallées;CC
244500427;CC des Loges;CC
244500443;CC du Canton de Briare;CC
244500450;CC du Val d'Ardoux;CC
244500468;CA d'Orléans - Val de Loire;CA
244500476;CC du Canton de Châtillon sur Loire;CC
244500484;CC de la Forêt;CC
244500518;CC Val d'Or et Forêt;CC
244500526;CC du Malesherbois;CC
244500534;CC des Terres Puiseautines;CC
244500542;CC de la Plaine du Nord Loiret;CC
244500559;CC du Plateau Beauceron;CC
244500567;CC du Bellegardois;CC
244500583;CC Valsol;CC
244600326;CC du Pays de Gramat;CC
244600334;CC du Pays de Padirac;CC
244600359;CC Cère et Dordogne;CC
244600367;CC du Pays de Souillac;CC
244600375;CC Lot - Célé;CC
244600409;CC du Pays de Saint Céré;CC
244600417;CC du Pays de Salviac;CC
244600425;CC Sud Bouriane;CC
244600433;CC de la Vallée du Lot et du Vignoble;CC
244600458;CC du Canton de Martel;CC
244600466;CC Figeac - Communauté;CC
244600474;CC de la Vallée et du Causse;CC
244600482;CC Quercy - Bouriane;CC
244600490;CC du Canton de Montcuq;CC
244600508;CC du Pays du Haut Quercy Dordogne;CC
244600516;CC du Haut Ségala;CC
244600524;CC Causse Ségala Limargue;CC
244600532;CC de Lalbenque;CC
244600540;CC de Castelneau - Montratier;CC
244600557;CC du Pays de Sousceyrac;CC
244600573;CC du Causse de Labastide Murat;CC
244600581;CC Haute Bourriane;CC
244700209;CC du Canton de Castillonnes;CC
244700431;CC du Fumélois - Lémance;CC
244700449;CC du Pays de Duras;CC
244700464;CC du Pays de Lauzun;CC
244700472;CC des Deux Séounes;CC
244700498;CC des Coteaux de l'Albret;CC
244700506;CC du Val d'Albret;CC
244700514;CC des Coteaux de Beauville;CC
244700522;CC du Val de Garonne;CC
244700530;CC du Pays Villeréalais;CC
244701355;CC des Coteaux et des Landes de Gascogne;CC
244701363;CC des Pays du Trec et de la Gupie;CC
244701371;CC Bastide et Châteaux en Guyenne;CC
244701389;CC de Penne d'Agenais;CC
244701397;CC Tournonnais;CC
244701405;CC Lot et Tolzac;CC
244701421;CA d'Agen;CA
244701439;CC du Canton de Prayssas;CC
244701447;CC du Canton de Laplume en Bruilhois;CC
244701462;CC du Confluent;CC
244701470;CC de la Basse Vallée du Lot;CC
244701488;CC d'Astaffort en Bruilhois;CC
244701496;CC du Mézinais;CC
244800066;CC de la Vallée de la Jonte;CC
244800322;CC de Terre de Peyre;CC
244800330;CC du Canton de Châteauneuf de Rendon;CC
244800348;CC du Causse du Massegros;CC
244800355;CC de la Terre de Randon;CC
244800363;CC des Hautes Terres;CC
244800371;CC Cévenoles Tarnon Mimente;CC
244800389;CC du Valdonnez;CC
244800397;CC du Goulet du Mont Lozère;CC
244800405;CC Coeur de Lozère;CC
244800413;CC de Villefort;CC
244800421;CC Cévenne Hauts Gardons;CC
244800439;CC des Gorges du Tarn et des grands causses;CC
244800447;CC Margeride Est;CC
244800454;CC La Vallée longue, du Cabertois en Cévennes;CC
244800470;CC du Gévaudan;CC
244800488;CC du Pays de Florac et du Haut Tarn;CC
244800496;CC des Cévennes au Mont Lozère;CC
244800504;CC du Pays de Chanac;CC
244900015;CA Angers Loire Métropole;CA
244900361;CA Saumur Loire Développement;CA
244900577;CC de la Région de Chemillé;CC
244900585;CC de la Région du Lion d'Angers;CC
244900593;CC du Canton de Segré;CC
244900643;CC du Canton de Montrevault;CC
244900668;CC du Bocage;CC
244900692;CC du Centre Mauges;CC
244900700;CA du Choletais;CA
244900726;CC du Canton de Saint Florent le Vieil;CC
244900734;CC des Coteaux du Layon;CC
244900742;CC du Canton de Baugé;CC
244900759;CC Loir et Sarthe;CC
244900767;CC du Gennois;CC
244900775;CC de Pouancé - Combrée;CC
244900783;CC du Canton de Champtoceaux;CC
244900791;CC de Loire Longué;CC
244900809;CC du Canton de Candé;CC
244900833;CC Loire Layon;CC
244900841;CC du Haut-Anjou;CC
244900858;CC Ouest Anjou;CC
244900866;CC de la Vallée Loire Authion;CC
244900882;CC de Beaufort en Anjou;CC
244900924;CC du Loir;CC
244900940;CC du Canton de Noyant;CC
244900973;CC de la Région de Doué la Fontaine;CC
244900981;CC Vihiersois Haut Layon;CC
244900999;CC des Portes de l'Anjou;CC
244901013;CC Loire Aubance;CC
245000237;CU de Cherbourg;CU
245000245;CC de l'agglomération Saint Loise;CC
245000252;CC du Canton de Torigni sur Vire;CC
245000260;CC de la Hague;CC
245000278;CC des Pieux;CC
245000294;CC de la Sélune;CC
245000302;CC de la Haye-du-Puits;CC
245000328;CC de Mortain;CC
245000336;CC de Sourdeval;CC
245000344;CC de Douve et Divette;CC
245000351;CC du Canton d'Avranches;CC
245000369;CC du Canton de Brécey;CC
245000377;CC de la Saire;CC
245000385;CC du Canton de Ducey;CC
245000393;CC du Canton de Gavray;CC
245000401;CC du Pays Hayland;CC
245000427;CC du Canton de Lessay;CC
245000435;CC du Canton de Marigny;CC
245000443;CC du Canton de Montmartin sur Mer;CC
245000450;CC de Saint Hilaire du Harcouët;CC
245000468;CC de Saint-James;CC
245000476;CC du Canton de Saint Malo de la Lande;CC
245000484;CC du Canton de Saint Pois;CC
245000492;CC du Canton de Tessy sur Vire;CC
245000500;CC du Tertre;CC
245000526;CC Entre Plage et Bocage;CC
245000534;CC des Delles;CC
245000542;CC Saint Pierre Église;CC
245000559;CC de l'Elle;CC
245000567;CC de Sartilly - Portes de la Baie;CC
245000575;CC du Val de Saire;CC
245000583;CC du Canton de Saint Sauveur Lendelin;CC
245000591;CC du Canton de Cerisy la Salle;CC
245000609;CC de la Région de Daye;CC
245000617;CC du Canton de Canisy;CC
245000633;CC du Canton de Villedieu les Poêles;CC
245000641;CC du Canton de Percy;CC
245000666;CC du Canton de Coutances;CC
245000674;CC Sainte-Mère Église;CC
245000682;CC Sèves - Taute;CC
245000690;CC du Canton de Montebourg;CC
245000716;CC de la vallée de l'Ouve;CC
245000724;CC du Pays Granvillais;CC
245000740;CC du Canton de Bricquebec en Cotentin;CC
245000765;CC du Bocage Valognais;CC
245000773;CC de Pontorson le Mont Saint Michel;CC
245000781;CC de Carentan en Cotentin;CC
245000807;CC de la Côte des Isles;CC
245100011;CA de Reims;CA
245100029;CA de Châlons en Champagne;CA
245100037;CC Épernay - Pays de Champagne;CC
245100045;CC de Vitry le François;CC
245100052;CC Champagne Vesle;CC
245100060;CC du Mont de Berru;CC
245100508;CC de la Brie des Étangs;CC
245100516;CC du Pays d'Anglure;CC
245100524;CC de la Région de Suippes;CC
245100532;CC de Saint Amand sur Fion;CC
245100540;CC de Taissy;CC
245100565;CC des Coteaux Sézannais;CC
245100581;CC de la Saulx et Bruxenelle;CC
245100607;CC du Canton de Ville sur Tourbe;CC
245100615;CC de la Grande Vallée de la Marne;CC
245100623;CC des Trois Coteaux;CC
245100631;CC de la Région de Mourmelon;CC
245100649;CC des Deux Coteaux;CC
245100656;CC de Jâlons;CC
245100664;CC de la Région de Givry en Argonne;CC
245100672;CC des Rives de Prosne et Vesle;CC
245100680;CC des Quatre Vallées;CC
245100698;CC de Champagne et Saulx;CC
245100706;CC des Côtes de Champagne;CC
245100714;CC de la Région de Sainte Ménehould;CC
245100722;CC du Bocage Champenois;CC
245100730;CC du Mont Morêt;CC
245100748;CC du Mont de Noix;CC
245100755;CC du Perthois;CC
245100763;CC de Val de Bruxenelle;CC
245100789;CC de la Petite Montagne;CC
245100797;CC des Portes de Champagne;CC
245100805;CC de la Colline;CC
245100813;CC de la région de Vertus;CC
245100821;CC de Vesle Montagne de Reims;CC
245100839;CC du Châtillonnais;CC
245100847;CC des Sources de la Vesle;CC
245100854;CC des Deux Vallées;CC
245100862;CC Ardre et Tardenois;CC
245100870;CC des Coteaux de la Marne;CC
245100888;CC de la Brie Champenoise;CC
245100904;CC Ardre et Vesle;CC
245100912;CC Marne et Orconte;CC
245100920;CC de la Vallée de la Craie;CC
245100938;CC des Deux Vallées du Canton de Fismes;CC
245100946;CC des Trois Rivières;CC
245100953;CC des Forêts et Coteaux de la Grande Montagne;CC
245100961;CC de l'Europort;CC
245100979;CC du Sud Marnais;CC
245100995;CC du Massif;CC
245101001;CC de la Guenelle;CC
245101019;CC de la Vallée de la Coole;CC
245101027;CC de la Côte des Noirs;CC
245101035;CC de la Vallée de la Suippe;CC
245101043;CC de la Plaine de Bourgogne;CC
245101050;CC des Rives de la Suippe;CC
245101068;CC de la Région de Condé sur Marne;CC
245200217;CC de la Région de Neuilly l'Évêque;CC
245200316;CC de la Région de Doulevant le Château;CC
245200324;CC du Canton de Laferté sur Amance;CC
245200332;CC du Pays d'Amance;CC
245200357;CC des Quatre Vallées;CC
245200365;CC Marne Rognon;CC
245200373;CC de la Vallée de la Marne;CC
245200381;CC du Pays de Chalindrey;CC
245200399;CC de Prauthoy en Montsaugeonnais;CC
245200407;CC du Pays Vannier;CC
245200415;CC du Pays du Der;CC
245200423;CC de la Vingeanne;CC
245200449;CC de l'Etoile de Langres;CC
245200456;CC du Pays Chaumontais;CC
245200464;CC de la Suize;CC
245200480;CC de la Vallée du Rognon;CC
245200514;CC du Bassigny;CC
245200522;CC du Val de Blaise;CC
245200530;CC de Saint Dizier, Der et Perthois;CC
245200548;CC de la Région de Bourbonne les Bains;CC
245200555;CC du Bassin de Bologne Vignory et Froncles;CC
245200563;CC du Bassin Nogentais;CC
245200597;CC des Trois Forêts;CC
245200605;CC du Canton de Saint-Blin;CC
245200613;CC du Bourmontais;CC
245300223;CC du Pays de Meslay Grez;CC
245300298;CC du Pays d'Evron;CC
245300306;CC du Pays de Loiron;CC
245300314;CC de Bais;CC
245300322;CC d'Erve et Charnie;CC
245300330;CA Laval Agglomération;CA
245300348;CC Le Horps Lassay;CC
245300355;CC de l'Ernée;CC
245300363;CC de la Région de Cossé le Vivien;CC
245300371;CC du Pays de Mayenne;CC
245300389;CC du Bocage Mayennais;CC
245300397;CC de Villaines la Juhel;CC
245300405;CC du Pays du Craonnais;CC
245300421;CC du Pays de Montsûrs;CC
245300439;CC de Saint Aignan - Renazé;CC
245300447;CC du Pays de Château Gontier;CC
245300454;CC des Avaloirs;CC
245400163;CC du Pays de Pont à Mousson;CC
245400171;CC Moselle et Madon;CC
245400189;CC des Pays du Sel et du Vermois;CC
245400213;CC du Toulois;CC
245400262;CC de l'agglomération de Longwy;CC
245400379;CC du Bassin de Landres;CC
245400437;CC du Pays de Briey;CC
245400478;CC de la Hazelle;CC
245400510;CC du Pays de Colombey et du Sud Toulois;CC
245400593;CC du Pays de la Haute Vezouze;CC
245400601;CC du Bassin de Pompey;CC
245400635;CC du Froidmont;CC
245400676;CU du Grand Nancy;CU
245400700;CC du Lunévillois;CC
245400718;CC de la Vezouze;CC
245400726;CC du Grand Valmont;CC
245400734;CC des Trois Vallées;CC
245400742;CC des Côtes en Haye;CC
245400759;CC du Pays du Sanon;CC
245400767;CC des Vals de Moselle et de l'Esch;CC
245400775;CC de Seille et Mauchère;CC
245400783;CC du Saintois;CC
245400791;CC du Pays de l'Orne;CC
245400809;CC du Badonvillois;CC
245400817;CC du Jarnisy;CC
245400825;CC du Pays Audunois;CC
245400833;CC du Mad à l'Yron;CC
245400841;CC des deux Rivières;CC
245400858;CC du Massif de Haye;CC
245400866;CC Grand Couronne;CC
245400916;CC de la Mortagne;CC
245400924;CC du Val de Meurthe;CC
245400932;CC du Bayonnais;CC
245400940;CC du Saintois au Vermois;CC
245400957;CC du Mirabée;CC
245400965;CC la Pipistrelle;CC
245500061;CC de Bar le Duc;CC
245500327;CC du Sammiellois;CC
245500459;CC du Centre Argonne;CC
245500806;CC de Meuse - Voie Sacrée;CC
245501101;CC du Pays de Spincourt;CC
245501168;CC de la Région de Damvillers;CC
245501176;CC du Canton de Fresnes en Woëvre;CC
245501184;CC de Revigny sur Ornain;CC
245501192;CC du Pays de Commercy;CC
245501218;CC du Centre Ornain;CC
245501226;CC de la Saulx et du Perthois;CC
245501234;CC de la Haute Saulx;CC
245501242;CC du Pays d'Etain;CC
245501259;CC du Pays de Montmédy;CC
245501267;CC du Pays de Stenay;CC
245501309;CC entre Aire et Meuse;CC
245501317;CC de Triancourt - Vaubécourt;CC
245501325;CC du Pays de Vigneulles lès Hattonchâtel;CC
245501341;CC du Val des Couleurs;CC
245501366;CC du Val Dunois;CC
245501374;CC de Montfaucon - Varennes en Argonne;CC
245501390;CC de Verdun;CC
245501408;CC de la Petite Woevre;CC
245501432;CC de Charny sur Meuse;CC
245501457;CC du Val d'Ornois;CC
245501465;CC de Void Vacon;CC
245501481;CC du Val de Meuse et de la Vallée de la Dieue;CC
245600143;CC Saint Jean Brévelay Communauté;CC
245600341;CA du Pays de Lorient;CA
245600366;CA du Pays de Vannes Agglomération;CA
245600416;CC du Val d'Oust et de Lanvaux;CC
245600424;CC de Mauron en Brocéliande;CC
245600432;CC du Pays de Guer;CC
245600440;CC de Blavet Bellevue Océan;CC
245600457;CC du Pays de Muzillac;CC
245600465;CC de Belle île en Mer;CC
245600473;CC du Pays de la Roche Bernard;CC
245600515;CC Baud Communauté;CC
245614292;CC du Pays de Locminé;CC
245614342;CC du Pays de Ploërmel;CC
245614359;CC de la Côte des Mégalithes;CC
245614367;CC du Pays de Josselin;CC
245614375;CC de la Région de Plouay, du Scorff au Blavet;CC
245614383;CC du Pays de Questembert;CC
245614391;CC du Loc'h;CC
245614409;CC de la Ria d'Etel;CC
245614417;CC du Pays du Roi Morvan;CC
245614425;CC du Porhoët;CC
245614433;CC Pontivy Communauté;CC
245614441;CC du Pays d'Auray;CC
245614458;CC des Trois Rivières;CC
245700133;CC de Faulquemont;CC
245700216;CA de Sarreguemines Confluences;CA
245700240;CA de Metz Métropole (CA 2M);CA
245700372;CA de Forbach - Porte de France;CA
245700398;CC de Freyming Merlebach;CC
245700497;CC de Maizières les Metz;CC
245700695;CC de Cattenom et environs;CC
245700802;CC d'Accueil de l'Aéroport Régional de Lorraine;CC
245700919;CC de Rohrbach lès Bitche;CC
245700935;CC du Val Saint Pierre;CC
245700950;CC du Pays de Phalsbourg;CC
245701149;CC de l'agglomération de Sarrebourg;CC
245701164;CC du Warndt;CC
245701172;CC du Centre Mosellan;CC
245701180;CC du Pays de Fénétrange;CC
245701198;CC de la Vallée de la Bièvre;CC
245701206;CC du Saulnois;CC
245701222;CA du Val de Fensch;CA
245701230;CC du Pays des Deux Sarres;CC
245701248;CC de l'Étang du Stock;CC
245701271;CC du Pays Orne Moselle;CC
245701289;CC du Haut chemin;CC
245701297;CC de l'Albe et des Lacs;CC
245701305;CC du Pays des Étangs;CC
245701321;CC du Vernois;CC
245701339;CC du Sillon Mosellan;CC
245701347;CC des Trois Frontières;CC
245701354;CC de L'Arc Mosellan;CC
245701362;CA Portes de France-Thionville;CA
245701370;CC du Val de Moselle;CC
245701388;CC du Pays Naborien;CC
245701396;CC de Rémilly et environs;CC
245701404;CC du Pays Haut - Val d'Alzette;CC
245701412;CC du Bouzonvillois;CC
245701420;CC de la Houve;CC
245801014;CC des Vaux d'Yonne;CC
245801063;CC Loire et Allier;CC
245801113;CC du Haut Morvan;CC
245804372;CC de la Fleur du Nivernais;CC
245804380;CC des Portes du Morvan;CC
245804406;CA de Nevers;CA
245804414;CC du Bazois;CC
245804422;CC Fil de Loire;CC
245804430;CC des Amognes;CC
245804448;CC du Val de Sauzay;CC
245804455;CC Puisaye Nivernaise;CC
245804463;CC Loire et Nohain;CC
245804471;CC en Donziais;CC
245804489;CC entre Loire et Morvan;CC
245804497;CC du Nivernais Bourbonnais;CC
245804505;CC Entre Nièvres et Forêts;CC
245804513;CC le Coeur du Nivernais;CC
245804521;CC Loire et Vignoble;CC
245804539;CC du Val du Beuvron;CC
245804547;CC le Bon Pays;CC
245804554;CC entre l'Alène et la Roche;CC
245804562;CC du Pays Charitois;CC
245804570;CC du Pays Corbigeois;CC
245804588;CC des Bertranges à la Nièvre;CC
245804596;CC du Sud Nivernais;CC
245804612;CC Les Grands Lacs du Morvan;CC
245804620;CC entre Loire et Forêt;CC
245900170;CC du Canton de Bergues;CC
245900410;CU de Lille Métropole;CU
245900428;CU de Dunkerque Grand Littoral;CU
245900634;CA de Cambrai;CA
245900642;CC Rurales des Deux Helpes;CC
245900667;CC Monts de Flandre - Plaine de la Lys;CC
245900675;CC du Carembault;CC
245900683;CC Action Fourmies et environs;CC
245900691;CC du Pays d'Avesnes;CC
245900717;CC des Vallées de la Soire, de la Thure et de l'Helpe;CC
245900725;CC Rurales de la Vallée de Vinchy;CC
245900733;CC des Hauts du Cambrésis;CC
245900741;CC de la Vacquerie;CC
245900758;CC de Flandre - Lys;CC
245900782;CC du Pays de Mormal et Maroilles;CC
245900808;CC Rurales de la Vallée de la Scarpe;CC
245900816;CC du Pays de Weppes;CC
245900824;CC du Guide du Pays de Trélon;CC
245900840;CC de la Colme;CC
245900857;CC du Pays de Pévèle;CC
245900899;CC de l'Enclave;CC
245900907;CC de Sensescaut;CC
245900915;CC de l'Ouest Cambrésis;CC
245900923;CC de Haute Sambre - Bois l'Evêque;CC
245900931;CC de l'Espace Sud Cambrésis;CC
245900956;CC du Nord Maubeuge;CC
245900964;CC du Bavaisis;CC
245900980;CC frontalières du Nord - Est Avesnois;CC
245900998;CC Rurale des Monts de Flandre;CC
245901004;CC de Flandre;CC
245901020;CC Sambre - Avesnois;CC
245901038;CC du Pays du Solesmois;CC
245901061;CC de la Haute Deûle;CC
245901087;CA Maubeuge Val de la Sambre;CA
245901103;CC du Pays de Cassel;CC
245901111;CC du Pays de l'Yser;CC
245901145;CA de la Porte du Hainaut;CA
245901152;CC Coeur d'Ostrevent;CC
245901160;CA de Valenciennes Métropole;CA
245901178;CC de l'Houtland;CC
245901194;CC du Coeur de Pévèle;CC
245901202;CC du Sud Pévélois;CC
245901210;CC Espace en Pévèle;CC
245901228;CA du Douaisis;CA
245901236;CC du Pays des Géants;CC
245901269;CC de la Voie Romaine;CC
246000111;CC de l'agglomération Creilloise;CC
246000129;CC du Liancourtois;CC
246000376;CC du Pays du Clermontois;CC
246000566;CC du Plateau Picard;CC
246000582;CC des Sablons;CC
246000608;CC des Vallées de la Brêche et de la Noye;CC
246000699;CC de Crèvecoeur le Grand;CC
246000707;CC du Vexin Thelle;CC
246000749;CC du Canton d'Attichy;CC
246000756;CC du Pays Noyonnais;CC
246000764;CC de l'Aire Cantilienne;CC
246000772;CC des Deux Vallées;CC
246000830;CA du Beauvaisis;CA
246000848;CC de la Picardie Verte;CC
246000855;CC du Pays des Sources;CC
246000863;CC du Pays de Thelle;CC
246000871;CC du pays de Valois;CC
246000897;CC de la Plaine d'Estrées;CC
246000913;CC du Pays de Bray;CC
246000921;CC des Pays d'Oise et d'Halatte;CC
246000939;CC Rurales du Beauvaisis;CC
246000947;CC de la Basse Automne;CC
246001010;CA de la Région de Compiègne;CA
246001143;CC Pierre - Sud - Oise;CC
246001150;CC La Ruraloise;CC
246100317;CC Perche Sud;CC
246100325;CA du Pays de Flers;CA
246100333;CC du Domfrontais;CC
246100341;CC du Bocage de Passais - la Conception;CC
246100358;CC de l'Est - Alençonnais;CC
246100366;CC du pays d'Argentan;CC
246100374;CC de la Visance et du Noireau;CC
246100382;CC du Pays d'Essay;CC
246100390;CC du Val d'Orne;CC
246100408;CC du Bocage d'Athis de l'Orne;CC
246100432;CC du Pays de Tinchebray;CC
246100440;CC du Pays de Longny au Perche;CC
246100465;CC du Pays Fertois;CC
246100473;CC du Pays de l'Aigle;CC
246100481;CC du Pays Mêlois;CC
246100499;CC du Val d'Huisne;CC
246100507;CC de la Haute Varenne et du Houlme;CC
246100515;CC du Bassin de Mortagne au Perche;CC
246100531;CC de la Vallée de la Dives;CC
246100549;CC de la Vallée de la Risle;CC
246100564;CC de la Région de Rânes;CC
246100572;CC de la Région de Gacé;CC
246100580;CC du Haut Perche;CC
246100598;CC du Canton de la Ferté Fresnel;CC
246100606;CC du Pays de Courtomer;CC
246100614;CC du Pays de la Marche;CC
246100622;CC de la Plaine d'Argentan Nord;CC
246100630;CC du pays d'Andaine;CC
246100648;CC du Perche Rémalardais;CC
246100655;CC du Bocage Carrougien;CC
246100663;CU d'Alençon;CU
246100671;CC du Pays d' Exmes;CC
246100689;CC du Pays de Mortrée;CC
246100697;CC d'Écouché;CC
246100705;CC du Pays de Merlerault;CC
246100713;CC du Pays de Sées;CC
246100739;CC du Pays de Briouze;CC
246100747;CC du Pays de Pervenchères;CC
246100762;CC de la Vallée du Sarthon;CC
246100770;CC du Pays Bellêmois;CC
246100788;CC du Pays de Camembert;CC
246200018;CC du Pays d'Aire;CC
246200117;CC Opale Sud;CC
246200141;CA de l'Artois;CA
246200299;CA d'Hénin Carvin;CA
246200307;CC de l'Hesdinois;CC
246200364;CA de Lens - Liévin;CA
246200380;CC de la Terre des Deux Caps;CC
246200406;CC du Montreuillois;CC
246200455;CA de Saint Omer;CA
246200729;CA du Boulonnais;CA
246200737;CC du Canton de Bertincourt;CC
246200745;CC de Noeux et Environs;CC
246200760;CC du Sud Arrageois;CC
246200778;CC de Canche Ternoise;CC
246200786;CC de la Région de Bapaume;CC
246200802;CC Artois Lys;CC
246200844;CC de la Région d'Audruicq;CC
246200851;CC du Canton de Fauquembergues;CC
246200869;CC du Pernois;CC
246200877;CC de la Morinie;CC
246200885;CC du Val de Gy;CC
246200893;CC du Pays d'Heuchin;CC
246200919;CC du Canton de Fruges et environs;CC
246200927;CC du Val de Canche et d'Authie;CC
246200935;CC de l'Artois;CC
246200950;CC du Saint Polois;CC
246200976;CC du Sud Ouest du Calaisis;CC
246200984;CC des Trois Pays;CC
246200992;CC du Canton d'Hucqueliers et Environs;CC
246201016;CC du Pays de Lumbres;CC
246201032;CU d'Arras;CU
246201057;CC de l'Atrebatie;CC
246201065;CC de la Région de Frévent;CC
246201073;CC de L'Auxillois;CC
246201099;CC Osartis;CC
246201115;CC Mer et Terres d'Opale;CC
246201123;CC de la Région d'Ardres et de la Vallée de la Hem;CC
246201131;CC de Marquion;CC
246201149;CA du Calaisis;CA
246201156;CC Artois Flandres;CC
246201164;CC des Vertes Vallées;CC
246300594;CC de Billom Saint Dier;CC
246300651;CC du Pays d'Arlanc;CC
246300669;CC de la Montagne Thiernoise;CC
246300677;CC Sancy Artense Communauté;CC
246300685;CC du Pays de Menat;CC
246300693;CC Limagne d'Ennezat;CC
246300701;CA Clermont Communauté;CA
246300735;CC du Pays de Cunlhat;CC
246300776;CC Puys et Couzes;CC
246300784;CC des Côteaux de l'Allier;CC
246300800;CC des Côtes de Combrailles;CC
246300818;CC du Pays d'Olliergues;CC
246300834;CC Manzat Communauté;CC
246300842;CC de Couze Val d'Allier;CC
246300883;CC Lembron Val d'Allier;CC
246300909;CC de Rochefort Montagne;CC
246300917;CC Coeur de Combrailles;CC
246300925;CC de Haute Combraille;CC
246300933;CC Gergovie Val d'Allier Communauté;CC
246300941;CC Livradois Porte d'Auvergne;CC
246300958;CC du Pays de Pionsat;CC
246300966;CC de Sancy;CC
246300974;CC du Haut Livradois;CC
246300982;CC les Cheires;CC
246300990;CC Ardes Communauté;CC
246301006;CC Nord Limagne;CC
246301014;CC du Pays de Courpière;CC
246301022;CC Vallée de l'Ance;CC
246301030;CC de Limagne Bords d'Allier;CC
246301048;CC du Pays de Sauxillanges;CC
246301055;CC Riom Communauté;CC
246301063;CC de Thiers communauté;CC
246301071;CC Sioulet Chavanon;CC
246301097;CC entre Dore et Allier;CC
246301105;CC Pays d'Ambert;CC
246301113;CC de Mur ès Allier;CC
246301121;CC des Coteaux de Randan;CC
246301139;CC du Bassin Minier Montagne;CC
246301154;CC Allier Communauté;CC
246301162;CC Volvic Sources et Volcans;CC
246301170;CC Issoire Communauté;CC
246301188;CC Vallée du Jauron;CC
246400014;CC du Canton de Garlin;CC
246400022;CC de Lacq;CC
246400030;CA de Bayonne Anglet Biarritz;CA
246400337;CC de la Vallée d'Ossau;CC
246400410;CC du Luy de Béarn;CC
246401459;CC de la Vallée de Barétous;CC
246401517;CC des Luys, Gabas, Souye et Lees;CC
246401525;CC Gave et Coteaux;CC
246401533;CC du Josbaig;CC
246401541;CC de Bidache;CC
246401574;CC du Canton d'Arzacq;CC
246401582;CC du Canton de Monein;CC
246401590;CC du Canton de Navarrenx;CC
246401616;CC d'Amikuze;CC
246401624;CC de la Vallée d'Aspe;CC
246401632;CC du Canton de Lembeye en Vic Bilh;CC
246401640;CC de Lagor;CC
246401657;CC du Pays d'Hasparren;CC
246401665;CC de Salies de Béarn;CC
246401673;CC d'Arthez de Béarn;CC
246401681;CC du Canton d'Orthez;CC
246401699;CC de Sauveterre de Béarn;CC
246401707;CC du Canton de Thèze;CC
246401715;CC du Miey de Béarn;CC
246401723;CA de Pau - Pyrénées;CA
246401756;CC de la Vath Vielha;CC
246401764;CC du pays de Soule - Xiberoa;CC
246401798;CC Ousse Gabas;CC
246401814;CC du Piémont Oloronais;CC
246401822;CC de Garazi Baigorri;CC
246401855;CC Nive-Adour;CC
246401863;CC d'Iholdi-Ostibarre;CC
246500052;CC de la Vallée du Louron;CC
246500201;CC du Val d'Azun;CC
246500359;CC de Batsurguère;CC
246500375;CC Vic-Montaner;CC
246500417;CC des Coteaux de l'Arros;CC
246500433;CC Les Castels;CC
246500466;CC de la Baronnie des Angles;CC
246500474;CC du Riou de Loulès;CC
246500482;CC de Haute Bigorre;CC
246500490;CC du Canton d'Ossun;CC
246500508;CC Neste Baronnies;CC
246500516;CC des Baronnies;CC
246500540;CC du Castelloubon;CC
246500565;CA du Grand Tarbes (CAGT);CA
246500573;CC Veziaux d'Aure;CC
246500599;CC Adour Rustan Arros;CC
246500607;CC du Val d'Adour;CC
246500631;CC de la Vallée d'Argelès-Gazost;CC
246500656;CC de la Vallée de Saint-Savin;CC
246500664;CC de la Croix Blanche;CC
246500672;CC du Haut-Arros;CC
246500706;CC de l'Arrêt-Darre et de l'Esteous;CC
246500714;CC Gavarnie - Gèdre;CC
246500763;CC des Baïses;CC
246500771;CC du Pays de Lourdes;CC
246500789;CC d'Aure;CC
246500797;CC du Plateau de Lannemezan;CC
246500805;CC de la Haute Vallée d'Aure;CC
246500821;CC du Magnoac;CC
246500839;CC Gespe - Adour - Alaric;CC
246600282;CC Sud Roussillon;CC
246600324;CC du Rivesaltais - Agly;CC
246600373;CC du Vallespir;CC
246600381;CA Perpignan Méditerranée;CA
246600399;CC de Pyrénées Cerdagne;CC
246600407;CC Salanque - Méditerranée;CC
246600415;CC de Roussillon Conflent;CC
246600423;CC des Agly Fenouillèdes;CC
246600431;CC Vinça Canigou;CC
246600449;CC des Aspres;CC
246600456;CC du Secteur d'illibéris;CC
246600464;CC Capcir - Haut Conflent;CC
246600522;CC Canigou - Val Cady;CC
246600548;CC du Haut Vallespir;CC
246700306;CC de la Haute-Bruche;CC
246700488;CU de Strasbourg;CU
246700587;CC du Pays de Marmoutier;CC
246700694;CC des Coteaux de la Mossig;CC
246700702;CC du Pays de Hanau;CC
246700710;CC de la Plaine de la Sauer et du Seltzbach;CC
246700736;CC du Val de Moder;CC
246700744;CC du Canton Rosheim;CC
246700751;CC BHW Carrefour des Trois Croix;CC
246700769;CC de l'Uffried;CC
246700777;CC du Canton de Villé;CC
246700793;CC du Pays de la Petite Pierre;CC
246700819;CC de Seltz Delta de la Sauer;CC
246700827;CC du Bernstein et de l'Ungersberg;CC
246700835;CC de Marckolsheim et Environs;CC
246700843;CC de la Basse-Zorn;CC
246700884;CC Espace Rhénan;CC
246700892;CC de Benfeld et environs;CC
246700918;CC de la Sommerau;CC
246700926;CC du Pays de Wissembourg;CC
246700942;CC de l'Alsace Bossue;CC
246700959;CC du Pays de la Zorn;CC
246700967;CC de Sélestat et Environs;CC
246700975;CC du Piedmont-de-Barr;CC
246700983;CC du Pays d'Erstein;CC
246701015;CC Rhin Moder;CC
246701031;CC de la Région de Brumath;CC
246701049;CC du Grand Ried;CC
246701056;CC Gambsheim - Kilstett;CC
246701064;CC de la Région de Molsheim - Mutzig;CC
246701072;CC de la Région de Saverne;CC
246701080;CC du Pays de Sainte-Odile;CC
246701098;CC du Pays de Niederbronn-les-Bains;CC
246701114;CC du Pays Sarre Union;CC
246701130;CC Ackerland;CC
246701163;CC de la Lauter;CC
246701189;CC de Bischwiller;CC
246701197;CC Les Châteaux;CC
246701205;CC du Kochersberg;CC
246701213;CC du Soultzerland;CC
246701221;CC du Hattgau et environs;CC
246701239;CC du Rhin;CC
246701247;CC de la région de Haguenau;CC
246800015;CC Essor du Rhin;CC
246800098;CC du Pays de Brisach;CC
246800189;CC du Secteur d'Illfurth;CC
246800197;CC d'Altkirch;CC
246800205;CC de la Vallée de Saint Amarin;CC
246800247;CC des Trois-Frontières;CC
246800361;CC de la Vallée de la Hundsbach;CC
246800395;CC du Val d'Argent;CC
246800411;CC de la Vallée de la Largue;CC
246800437;CC ill et Gersbach;CC
246800445;CC du Centre du Haut-Rhin;CC
246800452;CC du Pays de Thann;CC
246800460;CC de la Région de Dannemarie;CC
246800486;CC du Val de Soultzmatt - La Vallée Noble;CC
246800494;CC du Pays de Rouffach;CC
246800544;CC du Canton de Hirsingue;CC
246800551;CC de la Vallée de Kaysersberg;CC
246800569;CC de la Région de Guebwiller;CC
246800577;CC du Pays de Ribeauvillé;CC
246800585;CC de la Vallée de Munster;CC
246800593;CC du Pays du Ried Brun;CC
246800601;CC de Cernay et environs;CC
246800643;CC du Jura Alsacien;CC
246800650;CC de la Porte du Sundgau;CC
246800676;CC de la Vallée de la Doller et du Soultzach;CC
246800684;CC du Pays de Sierentz;CC
246800700;CC Porte de France - Rhin Sud;CC
246800726;CA de Colmar;CA
246900229;CA de Villefranche-sur-Saône;CA
246900245;CU de Lyon (Grand Lyon);CU
246900575;CC de l'Est Lyonnais;CC
246900583;CC du Pays d'Amplepuis Thizy;CC
246900591;CC du Beaujolais - Val d'Azergues;CC
246900609;CC Monts d'Or - Azergues;CC
246900617;CC de la Haute Vallée d'Azergues;CC
246900625;CC du Pays de l'Arbresle;CC
246900633;CC de la Région de Condrieu;CC
246900641;CC du Beaujolais - Val de Saône;CC
246900658;CC Beaujolais-Saône-Pierres Dorées;CC
246900674;CC Beaujolais-Vauxonne;CC
246900682;CC du Haut-Beaujolais;CC
246900690;CC du Canton de Saint Laurent de Chamousset;CC
246900708;CC du Pays de Tarare;CC
246900724;CC des Vallons du Lyonnais;CC
246900732;CC des Pays du Bois d'Oingt;CC
246900740;CC du Pays Mornantais;CC
246900757;CC de la Vallée du Garon;CC
246900765;CC du Pays de l'Ozon;CC
246900773;CC des Hauts du Lyonnais;CC
246900781;CC de la Région de Beaujeu;CC
246900807;CC Beaujolais Nizerand Morgon;CC
247000011;CC de l'Agglomération de Vesoul;CC
247000029;CC du Val de Gray;CC
247000227;CC de la Saône-Jolie;CC
247000318;CC du Pays d'Autrey;CC
247000367;CC des Combes;CC
247000417;CC Agir Ensemble;CC
247000466;CC des Franches-Communes;CC
247000516;CC des Six-Villages;CC
247000623;CC des Quatre-Rivières;CC
247000649;CC des Vertes Vallées;CC
247000656;CC des Belles Fontaines;CC
247000664;CC du Pays de Lure;CC
247000680;CC du Pays Jusséen;CC
247000698;CC des Monts de Gy;CC
247000706;CC du Pays Riolais;CC
247000714;CC du Pays de Villersexel;CC
247000722;CC du Pays d'Héricourt;CC
247000730;CC du Chanois;CC
247000748;CC du Pays de Montbozon;CC
247000755;CC du Pays de Luxeuil;CC
247000763;CC des Grands Bois;CC
247000771;CC des Belles Sources;CC
247000789;CC du Pays de Saulx;CC
247000797;CC du Val de Semouse;CC
247000805;CC de la Vallée de l'Ognon;CC
247000813;CC du Val de Pesmes;CC
247000821;CC Rahin et Cherimont;CC
247000839;CC des Mille Étangs;CC
247000847;CC Saône et Coney;CC
247000854;CC de la Haute Vallée de L'ognon;CC
247100290;CU Le Creusot - Montceau les Mines;CU
247100480;CC du Canton de Cuiseaux;CC
247100498;CC du Canton de Chauffailles;CC
247100506;CC de Matour et sa région;CC
247100571;CC du Canton de Louhans;CC
247100589;CA Chalon - Val de Bourgogne;CA
247100605;CC Mâconnais - Val de Saône;CC
247100639;CC du Canton de Marcigny;CC
247100647;CC du Canton de Pierre de Bresse;CC
247100654;CC du Canton de Beaurepaire-en-Bresse;CC
247100662;CC du Canton de Saint-Germain-du-Bois;CC
247100670;CC de Saône et Seille;CC
247100688;CC du Canton de Montpont-en-Bresse;CC
247100696;CC du Canton de Montret;CC
247100720;CC du Clunisois;CC
247100746;CC du Maconnais-Beaujolais;CC
247100761;CC entre Monts et Dheune;CC
247100860;CC du Mâconnais Charolais;CC
247103765;CC entre Saône et Grosne;CC
247103815;CC entre Grosne et Guye;CC
247103864;CC du Canton de Sémur-en-Brionnais;CC
247103914;CC des Trois Rivières du Verdunois;CC
247103922;CC de Paray le Monial;CC
247103948;CC du Pays Clayettois;CC
247103971;CC de la Vallée de la Drée;CC
247103989;CC de Beuvray - Val d'Arroux;CC
247104003;CC Arroux Mesvrin;CC
247104011;CC Autour du Mont Saint-Vincent;CC
247104029;CC de la Guiche;CC
247104052;CC du Pays de Gueugnon;CC
247104060;CC du Canton de Charolles;CC
247104078;CC du Val de Loire;CC
247104086;CC du Canton d'Issy-l'Évêque;CC
247104094;CC du Sud de la Côte Chalonnaise;CC
247104102;CC de l'Autunois;CC
247104136;CC du Tournugeois;CC
247104144;CC autour du Couchois;CC
247104151;CC Saône et Bresse;CC
247104169;CC Portes de la Bresse;CC
247104177;CC du Val de Joux;CC
247104193;CA du Mâconnais- Val de Saône;CA
247200090;CC de Sablé sur Sarthe;CC
247200132;CU Le Mans Métropole;CU
247200157;CC de Lucé;CC
247200348;CC du Pays Fléchois;CC
247200397;CC du Bassin Ludois;CC
247200405;CC des Portes du Maine;CC
247200413;CC du Pays des Brières et du Gesnois;CC
247200421;CC du Sud Est du Pays Manceau;CC
247200447;CC de l'Orée de Bercé Bélinois;CC
247200462;CC du Pays de Sillé;CC
247200470;CC du Canton de Pontvallain;CC
247200496;CC du Pays Calaisien;CC
247200504;CC des Pays de Loué;CC
247200512;CC du Val du Loir;CC
247200520;CC Maine 301;CC
247200538;CC du Pays Bilurien;CC
247200546;CC des Alpes Mancelles;CC
247200553;CC de l'Antonnière;CC
247200561;CC de Vègre et Champagne;CC
247200579;CC de la Champagne Conlinoise;CC
247200587;CC du Saosnois;CC
247200595;CC du Pays Belmontais;CC
247200603;CC du Pays Malicornais;CC
247200629;CC du Val de Sarthe;CC
247200637;CC Loir et Bercé;CC
247200645;CC du Massif de Perseigne;CC
247200652;CC Aune et Loir;CC
247200678;CC des Portes du Maine Normand;CC
247200686;CC du Pays de l'Huisne Sarthoise;CC
247200694;CC du Pays Marollais;CC
247200702;CC du Val de Braye;CC
247200728;CC du Bocage Cénomans;CC
247200736;CC des Rives de Sarthe;CC
247300015;CC des Vallées d'Aigueblanche;CC
247300049;CA du Lac du Bourget;CA
247300098;CA Chambéry Métropole;CA
247300148;CC Haute Maurienne Vanoise;CC
247300254;CC de Haute Tarentaise;CC
247300262;CC de Yenne;CC
247300338;CC de Chautagne;CC
247300346;CC Coeur de Maurienne;CC
247300353;CC de la Norma;CC
247300361;CC de la Vallée du Glandon;CC
247300452;CC Maurienne-Galibier;CC
247300510;CC de la Vallée des Entremonts;CC
247300528;CC Val Guiers;CC
247300569;CC Coeur des Bauges;CC
247300593;CC du Canton d'Albens;CC
247300601;CC la Rochette - Val Gelon;CC
247300668;CC du Lac d'Aiguebelette;CC
247300676;CC Porte de Maurienne;CC
247300718;CC de l'Arvan;CC
247300759;CC Confluences;CC
247300767;CC de la Région d'Alberville;CC
247300775;CC du Gelon et du Coisin;CC
247300783;CC Combe de Savoie;CC
247300791;CC Haute Combe de Savoie;CC
247300817;CC du Canton d'Aime;CC
247300825;CC du Mont Beauvoir;CC
247400047;CC de la Vallée Verte;CC
247400070;CC de la Semine;CC
247400112;CC de Cruseilles;CC
247400427;CA Annécienne;CA
247400567;CC de Fier et Usses;CC
247400575;CC du Pays d'Alby sur Chéran;CC
247400583;CC Arve et Salève;CC
247400617;CC des Vallées de Thônes;CC
247400658;CC du Pays de la Fillière;CC
247400666;CC des Quatre Rivières;CC
247400682;CC de la Vallée d'Aulps;CC
247400690;CC du Genevois;CC
247400724;CC du Pays Rochois;CC
247400732;CC de la Rive Gauche du Lac d'Annecy;CC
247400740;CC du Canton de Rumilly;CC
247400773;CC du Pays de Faverges;CC
247400781;CC de la Tournette;CC
247400823;CC du Pays de Seyssel;CC
247400831;CC du Bas-Chablais;CC
247400849;CC des Collines du Léman;CC
247400856;CC du Val des Usses;CC
247400864;CC du Pays d'Evian;CC
247600216;CC Blangy sur Bresle;CC
247600331;CC de Fécamp;CC
247600380;CC de la Côte d'Albâtre;CC
247600398;CC du Petit Caux;CC
247600448;CC Saint Saëns - Porte de Bray;CC
247600455;CC du Moulin d'Ecalles;CC
247600463;CC du Plateau de Martainville;CC
247600497;CC du Canton de Criquetot l'Esneval;CC
247600505;CC de Campagne de Caux;CC
247600513;CC du Pays Neufchâtelois;CC
247600539;CC du Canton de Saint Romain de Colbosc;CC
247600562;CC Coeur de Caux;CC
247600570;CC du Canton de Valmont;CC
247600588;CC de Bresle-Maritime;CC
247600596;CA Havraise-CODAH;CA
247600604;CC du Canton de Londinières;CC
247600620;CC de la Région d'Yvetot;CC
247600638;CC du Plateau de Caux - Fleur de Lin;CC
247600646;CC Caux Austreberthe;CC
247600653;CC du Plateau Vert;CC
247600661;CC du Canton de Forges les Eaux;CC
247600679;CC des Trois-Rivières;CC
247600687;CC du Canton d'Aumale;CC
247600695;CC du Canton de Gournay;CC
247600703;CC de Varenne et Scie;CC
247600711;CC du Bosc d'Eawy;CC
247600729;CC des Monts et Vallées;CC
247600737;CC entre Mer et Lin;CC
247600745;CC de Saane et Vienne;CC
247600760;CC des Portes Nord-Ouest de Rouen;CC
247600778;CC d'Yerville-Plateau de Caux;CC
247600786;CA de la Région Dieppoise;CA
247600794;CC des Monts de l'Andelle;CC
247600802;CC de Yeres et Plateaux;CC
247700024;CC du Pays Fertois;CC
247700032;CC Moret sur Loing;CC
247700040;CC de la Région du Châtelet en Brie;CC
247700057;CA Melun Val de Seine;CA
247700065;CC du Pays de l'Ourcq;CC
247700073;CC du Pays de la Goelle et du Multien;CC
247700099;CC de la Bassée;CC
247700107;CC des Deux Fleuves;CC
247700115;CC de Seine Ecole;CC
247700123;CC de l'agglomération Fontainebleau - Avon;CC
247700305;CC de la Plaine de France;CC
247700339;SAN du Val d'Europe;SAN
247700362;SAN de Marne la Vallée - Val Maubuée;SAN
247700370;SAN de Sénart Ville Nouvelle;SAN
247700404;CC des Monts de la Goële;CC
247700438;CC du Pays Créçois;CC
247700446;CC de la Gerbe;CC
247700453;CC Avenir et développement du secteur des Trois rivières;CC
247700479;CC du Bocage;CC
247700487;CC de la Brie Boisée;CC
247700495;CC du Val Bréon;CC
247700529;CC de la Brie des Moulins;CC
247700537;CC du Montois;CC
247700545;CC des Templiers;CC
247700586;CC du Pays de Bière;CC
247700594;CA de Marne et Gondoire;CA
247700602;CC entre Seine et Forêt;CC
247700610;CC du Pays de Seine;CC
247700628;CA du Pays de Meaux;CA
247700644;CC de L'Orée de la Brie;CC
247700651;CC Les Sources de l'Yerres;CC
247700669;CC du Provinois;CC
247700677;CA Marne et Chantereine;CA
247700685;CC des Gués de l'Yerres;CC
247700693;CC La Brie Centrale;CC
247700701;CC La Brie Nangissienne;CC
247700719;CC de l'Yerres à l'Ancoeur;CC
247800014;CA de Mantes en Yvelines (CAMY);CA
247800451;CA de Saint Quentin en Yvelines;CA
247800527;CC des Portes de l'île de France;CC
247800550;CC du Pays Houdanais;CC
247800584;CA Versailles Grand Parc;CA
247800592;CC Contrée d'Ablis-Porte d'Yvelines;CC
247800600;CC Plaines et Forêts d'Yvelines;CC
247800618;CC Coeur d'Yvelines;CC
247800626;CC Seine-Mauldre;CC
247800634;CC des Etangs;CC
247800642;CC Vexin Seine;CC
247800659;CC de la Boucle de la Seine;CC
247900426;CC du Delta Sèvre Argent;CC
247900442;CC du Val de Thouet;CC
247900475;CC Cantonale de Celles-sur-Belle;CC
247900483;CC du Canton de Melle;CC
247900509;CC du Val d'Egray;CC
247900517;CC Plaine de Courance;CC
247900558;CC du Coeur du Poitou;CC
247900590;CC pour le développement de l'Airvaudais;CC
247900608;CC du Pays Sud Gâtine;CC
247900616;CC Arc en Sèvre;CC
247900624;CC du Lezayen;CC
247900657;CC du Val de Sèvre;CC
247900665;CC de Parthenay;CC
247900673;CC de l'Argentonnais;CC
247900681;CC du Val de Boutonne;CC
247900707;CC du Pays Ménigoutais;CC
247900715;CC Espace Gâtine;CC
247900731;CC de Terres de Sèvres;CC
247900749;CC du Saint Varentais;CC
247900756;CC Haute Sèvre;CC
247900772;CC du Pays Thénézéen;CC
247900798;CC du Thouarsais;CC
247900806;CA de Niort;CA
247900830;CC Coeur de Bocage;CC
248000341;CC du Pays Hamois;CC
248000358;CC de Nesle;CC
248000416;CC du Doullennais;CC
248000432;CC Avre Luce Moreuil;CC
248000457;CC du Val de Nièvre et environs;CC
248000465;CC du Canton de Combles;CC
248000473;CC du Vimeu Vert;CC
248000481;CC à l'Ouest d'Amiens;CC
248000499;CC du Val de Somme;CC
248000507;CC du Santerre;CC
248000523;CC du Val de Noye;CC
248000531;CA Amiens Métropole;CA
248000549;CC de Haute Picardie;CC
248000556;CC de l'Abbevillois;CC
248000572;CC du Canton de Roisel;CC
248000580;CC du Canton de Oisemont;CC
248000614;CC de la Région d'Hallencourt;CC
248000622;CC du Canton de Nouvion en Ponthieu;CC
248000630;CC du Vimeu Industriel;CC
248000648;CC du Canton de Conty;CC
248000663;CC Baie de Somme Sud;CC
248000689;CC du Bernavillois;CC
248000697;CC du Bocage et de l'Hallue;CC
248000705;CC du Haut Clocher;CC
248000721;CC de la Haute Somme;CC
248000739;CC du Canton de Montdidier;CC
248000747;CC du Pays du Coquelicot;CC
248000762;CC du Sud Ouest Amiénois;CC
248100042;CC du Carmausin;CC
248100075;CC de Vère Grésigne;CC
248100158;CC du Sor et de l'Agout;CC
248100380;CC Tarn et Dadou;CC
248100406;CC des Monts d'Alban;CC
248100414;CC du Pays Salvagnacois;CC
248100422;CC du Ségala - Carmausin;CC
248100430;CA de Castres Mazamet;CA
248100448;CC du Lautrecois;CC
248100455;CC du Pays Cordais;CC
248100463;CC du S.E.S.C.A.L;CC
248100471;CC du Pays Rabastinois - CORA;CC
248100489;CC du Causse Nord Ouest du Tarn;CC
248100497;CC Val 81;CC
248100521;CC Tarn et Agout;CC
248100562;CC du Pays d'Agout;CC
248100638;CC des Vals et Plateaux des Monts de Lacaune;CC
248100653;CC du Montredonnais;CC
248100661;CC des Monts de Lacaune;CC
248100679;CC du Pays de Cocagne;CC
248100695;CC du Réalmontais;CC
248100703;CC du Villefranchois;CC
248100711;CC Sidobre Val d'Agoût;CC
248100737;CA de l'Albigeois;CA
248100745;CC de la Haute Vallée du Thoré;CC
248200016;CC des Deux Rives;CC
248200040;CC du Quercy Vert;CC
248200057;CC du Quercy Caussadais;CC
248200065;CC de la Lomagne Tarn et Garonnaise;CC
248200099;CA du Pays de Montauban et des Trois Rivières;CA
248200107;CC du Quercy Rouergue et des Gorges de l'Aveyron;CC
248200115;CC du Sud Quercy de Lafrançaise;CC
248200131;CC de Montaigu de Quercy Pays de Serres;CC
248200149;CC Quercy Pays de Serres;CC
248200164;CC Castelsarrasin Moissac;CC
248200172;CC territoire Grisolles - Villebrumier;CC
248200180;CC Garonne et canal;CC
248200198;CC Terrasse et Vallée de l'Aveyron;CC
248200206;CC Garonne et Gascogne;CC
248300097;CA de Fréjus - Saint Raphaël;CA
248300394;CC du Sud Sainte Baume;CC
248300410;CC de la Vallée du Gapeau;CC
248300493;CA Dracénoise;CA
248300501;CC du Val d'Issole;CC
248300519;CC Provence d'Argens en Verdon;CC
248300527;CC Comté de Provence;CC
248300535;CC Sainte Baume - Mont Aurélien;CC
248300543;CA Toulon Provence Méditerranée;CA
248300550;CC Coeur du Var;CC
248300600;CC Verdon Mont Major;CC
248400053;CA Ventoux Comtat Venaissin;CA
248400145;CC du Pays de Sault;CC
248400160;CC Aygues Ouvèze en Provence;CC
248400178;CC de l'Enclave des Papes;CC
248400186;CC des Terrasses du Ventoux;CC
248400194;CC de Pied Rousset en Lubéron;CC
248400202;CC du Pays d'Apt;CC
248400228;CC du Coustellet;CC
248400236;CC des Pays de Rhône et Ouvèze;CC
248400251;CA du Grand Avignon;CA
248400285;CC Lubéron - Durance;CC
248400293;CC les Sorgues du Comtat;CC
248400301;CC Provence Lubéron Durance;CC
248400319;CC du Pays des Sorgues et des Monts de Vaucluse;CC
248400327;CC des Portes du Luberon;CC
248400335;CC Pays Vaison Ventoux;CC
248500035;CC Terres de Montaigu;CC
248500092;CC du Pays de Fontenay le Comte;CC
248500191;CC de l'île de Noirmoutier;CC
248500233;CC du Talmondais;CC
248500258;CC Océan Marais de Monts;CC
248500340;CC Pays de Chantonnay;CC
248500415;CC du Pays de la Châtaigneraie;CC
248500456;CC du Canton de Palluau;CC
248500464;CC du Pays de Pouzauges;CC
248500472;CC du Canton de Saint Fulgent;CC
248500480;CC des Isles du Marais Poitevin;CC
248500506;CC de Vie et Boulogne;CC
248500514;CC du Canton de Rocheservière;CC
248500530;CC du Pays des Achards;CC
248500548;CC du Pays de Sainte Hermine;CC
248500563;CC Vendée - Sèvre - Autise;CC
248500571;CC du Pays des Essarts;CC
248500589;CA La Roche sur Yon Agglomération;CA
248500597;CC de l'Auzance et de la Vertonne;CC
248500605;CC des Olonnes;CC
248500621;CC du Pays des Herbiers;CC
248500639;CC du Pays Moutierrois;CC
248500647;CC du Pays de l'Hermenault;CC
248500662;CC du Canton de Mortagne sur Sèvre;CC
248500670;CC du Pays Mareuillais;CC
248500704;CC du Pays né de la Mer;CC
248500712;CC Marais et Bocage;CC
248500720;CC du Marais Breton Nord;CC
248600116;CC du Pays Mirebalais;CC
248600157;CA de Poitiers;CA
248600371;CC de la Région de Couhé;CC
248600389;CC du Pays Mélusin;CC
248600397;CC du Montmorillonnais;CC
248600405;CC du Lussaçois;CC
248600413;CA du Pays Châtelleraudais;CA
248600421;CC du Pays Chauvinois;CC
248600439;CC du Civraisien;CC
248600447;CC du Pays Loudunais;CC
248600454;CC du Val Vert du Clain;CC
248600504;CC du Pays Charlois;CC
248600512;CC de la Région de la Villedieu du Clain;CC
248600520;CC entre le Mâble et la Vienne;CC
248600538;CC Vienne et Creuse;CC
248600546;CC Vonne et Clain;CC
248600553;CC du Pays Gencèen;CC
248600561;CC du Pays Vouglaisien;CC
248600579;CC du Lencloïtrais;CC
248600587;CC du Neuvillois;CC
248600595;CC de Vienne et Moulière;CC
248600603;CC des Vals de Gartempe et Creuse;CC
248700130;CC Porte d'Occitanie;CC
248700148;CC des Monts de Châlus;CC
248700155;CC l'Aurence et Glane Développement;CC
248700163;CC du Haut Limousin;CC
248700189;CC du Pays de Saint-Yrieix;CC
248700197;CC du Pays de la Météorite;CC
248700205;CC de Briance - Roselle;CC
248710600;CC du Pays de Nexon;CC
248714602;CC du Martoulet;CC
248719213;CC de l'Issaure;CC
248719239;CC de la Basse Marche;CC
248719254;CC Ardour - Rivallier - Gartempe;CC
248719262;CC Gartempe - Saint Pardoux;CC
248719288;CC du Val de Vienne;CC
248719296;CC de la vallée de la Gorre;CC
248719304;CC Vienne Glane;CC
248719312;CA de Limoges Métropole;CA
248719320;CC Monts d'Ambazac et du Val du Taurion;CC
248719338;CC Briance Combade;CC
248719346;CC Bandiat Tardoire Avenir;CC
248719353;CC des Portes de Vassivière;CC
248719361;CC de Noblat;CC
248719379;CC Brame-Benaize;CC
248800013;CC de la Moyenne Moselle;CC
248800336;CC de Bulgnéville entre Xaintois et Bassigny;CC
248800351;CC du Pays de Saône et Madon;CC
248800369;CC des Hauts Champs;CC
248800377;CC du Val de Meurthe;CC
248800393;CC de la Vallée du Hure;CC
248800401;CC la Fave;CC
248800419;CC du Pays de Châtenois;CC
248800435;CC des Vosges Méridionales;CC
248800443;CC de la Haute Meurthe;CC
248800450;CC de la Vallée de la Plaine;CC
248800468;CC d'Épinal Golbey;CC
248800476;CC du Pays de Neufchâteau;CC
248800492;CC de la Fave et de la Meurthe;CC
248800500;CC du Pays des Côtes et de la Ruppe;CC
248800518;CC du Val de Galilée;CC
248800526;CC du Pays de Mirecourt;CC
248800534;CC du Pays d'Olima et du Val d'Avière;CC
248800542;CC du Pays de Senones;CC
248800559;CC du Ban d'Etival;CC
248800575;CC du Xaintois;CC
248800583;CC de Brouvelieures;CC
248800591;CC du Pays de Jeanne;CC
248800609;CC du Secteur de Dompaire;CC
248800617;CC de la Haute Moselotte;CC
248800625;CC du Val du Neuné;CC
248800633;CC de la Vallée de la Vologne;CC
248800641;CC de L'ADP (Arentèle, Durbion, Padoz);CC
248800658;CC des Lacs et des Hauts Rupts;CC
248800666;CC de la Porte des Hautes Vosges;CC
248800674;CC des Monts de Vologne;CC
248800682;CC des Marches de Lorraine;CC
248800690;CC du Pays de la Saône Vosgienne;CC
248800708;CC des Vallons du Bouchot et du Rupt;CC
248800716;CC de la Vallée de la Cleurie;CC
248800724;CC CAPAVENIR;CC
248800732;CC Est-Epinal Développement;CC
248800740;CC des Sources de Vittel-Contrexéville;CC
248900334;CC du Sénonais;CC
248900383;CC de l'agglomération Migennoise;CC
248900490;CC du Canton de Bléneau;CC
248900516;CC des Coteaux de la Chanteraine;CC
248900524;CC de l'Aillantais;CC
248900532;CC de l'Auxerrois;CC
248900565;CC du Seignelois;CC
248900573;CC de la Vallée du Serein;CC
248900664;CC de la Vanne;CC
248900722;CC de Saint Sauveur en Puisaye;CC
248900730;CC de la Région de Charny;CC
248900748;CC Gâtinais Bourgogne;CC
248900755;CC de l'Avallonnais;CC
248900771;CC du Pays Coulangeois;CC
248900789;CC de la Terre Plaine;CC
248900797;CC de la Haute Vallée du Serein;CC
248900805;CC du Pays de Coulanges sur Yonne;CC
248900813;CC entre Cure et Yonne;CC
248900847;CC du Chablisien;CC
248900854;CC d'Othe-en-Armançon;CC
248900862;CC du Canton d'Ancy le Franc;CC
248900870;CC Nucerienne;CC
248900888;CC du Tonnerrois;CC
248900896;CC Yonne Nord;CC
248900904;CC de la Puisaye Fargeaulaise;CC
248900912;CC de Forterre;CC
248900920;CC du Toucycois;CC
248900938;CC de Jovinien;CC
248900953;CC du Florentinois;CC
249000019;CA Belfortaine;CA
249000118;CC la Haute Savoureuse;CC
249000217;CC du Pays Sous Vosgien;CC
249000233;CC du Tilleul;CC
249000241;CC du Sud Territoire;CC
249000258;CC du Bassin de la Bourbeuse;CC
249100074;CC du Pays de Limours;CC
249100157;CC de la Vallée de l'Ecole;CC
249100348;CA d'Évry Centre Essonne;CA
249100355;SAN de Sénart en Essonne;SAN
249100405;CA du Plateau de Saclay;CA
249100470;CA de Seine-Essonne;CA
249100496;CA les Portes de l'Essonne;CA
249100504;CA du Val d'Orge;CA
249100512;CA du Val d'Yerres;CA
249100520;CA Sénart Val de Seine;CA
249100538;CC de l'Arpajonnais;CC
249100546;CC du Val d'Essonne;CC
249100553;CC Entre Juine et Renarde;CC
249100579;CA Les Lacs de l'Essonne;CA
249100587;CC du Coeur du Hurepoix;CC
249100595;CC Le Dourdannais en Hurepoix;CC
249200015;CA des Hauts de Bièvre;CA
249200049;CA Coeur de Seine;CA
249200056;CA Sud de Seine;CA
249200072;CC de Châtillon - Montrouge;CC
249300070;CA de Clichy sous Bois - Montfermeil;CA
249300088;CA Plaine Commune;CA
249400060;CA Val de Bièvre;CA
249400078;CA de la Vallée de la Marne;CA
249400086;CA le Haut Val de Marne;CA
249400094;CA Plaine Centrale du Val de Marne;CA
249400102;CC du Plateau Briard;CC
249400110;CC de Charenton - Saint Maurice;CC
249500109;CA de Cergy-Pontoise;CA
249500323;CC du Pays de France;CC
249500372;CC Roissy Porte de France;CC
249500380;CA Val de France;CA
249500398;CA Val et Forêt;CA
249500406;CC de l'Ouest de la Plaine de France;CC
249500414;CA de la Vallée de Montmorency;CA
249500422;CC Val de Viosne;CC
249500430;CC de la Vallée du Sausseron;CC
249500448;CC du Plateau du Vexin;CC
249500455;CC Vallée de l'Oise et des Trois forêts;CC
249500471;CC Carnelle Pays de France;CC
249500489;CC du Haut Val d'Oise;CC
249500497;CC de la Vallée de l'Oise et des Impressionnistes;CC
249500505;CC des Trois Vallées du Vexin;CC
249500513;CC du Vexin Val de seine;CC
249500521;CC du Parisis;CC
249710047;CC de Marie Galante;CC
249710054;CC du Nord Grande Terre;CC
249710062;CC du Nord Basse Terre;CC
249710070;CC du Sud Basse Terre;CC
249720046;CC du Nord Martinique;CC
249720053;CA de l'Espace Sud de la Martinique;CA
249720061;CA du Centre de la Martinique;CA
249730037;CC de l'Ouest Guyanais;CC
249730045;CC du Centre Littoral;CC
249730052;CC de l'Est Guyanais;CC
249740077;CA CIVIS (Communauté Villes Solidaires);CA
249740085;CA du Sud;CA
249740093;CA Intercommunale de la Réunion Est (CIREST);CA
249740101;CA Territoire de la Côte Ouest (TCO);CA
249740119;CA Intercommunale du Nord de la Réunion (CINOR);CA
256500612;CC du Pays Toy;CC